iso_693_3,language_name,asr,tts,lid
aaa,Ghotuo,,,✔️
aab,Arum,,,✔️
aac,Ari,,,✔️
aad,Amal,,,✔️
aaf,Aranadan,,,✔️
aai,Miniafia Oyan,,,✔️
aal,Afade,,,✔️
aar,Afar,,,✔️
aau,Abau,,,✔️
aaw,Solong,,,✔️
aaz,Amarasi,,,✔️
aba,Abé,,,✔️
abi,Abidji,✔️,✔️,✔️
abk,Abkhaz,✔️,,✔️
abm,Abanyom,,,✔️
abn,Abua,,,✔️
abo,Abon,,,✔️
abp,"Ayta, Abellen",✔️,✔️,✔️
abr,Abron,,,✔️
abs,"Malay, Ambonese",,,✔️
abt,Ambulas,,,✔️
abu,Abure,,,✔️
abz,Abui,,,✔️
aca,Achagua,✔️,✔️,✔️
acd,Gikyode,✔️,✔️,✔️
ace,Aceh,✔️,✔️,✔️
acf,Lesser Antillean French Creole,✔️,✔️,✔️
ach,Acholi,✔️,✔️,✔️
acn,Achang,✔️,✔️,✔️
acr,Achi,✔️,✔️,✔️
acu,Achuar-Shiwiar,✔️,✔️,✔️
acv,Achumawi,,,✔️
acz,Acheron,,,✔️
ada,Dangme,,,✔️
add,Lidzonka,,,✔️
ade,Adele,✔️,✔️,✔️
adh,Jopadhola,✔️,✔️,✔️
adi,Adi,,,✔️
adj,Adioukrou,✔️,✔️,✔️
adl,"Adi, Galo",,,✔️
adn,Adang,,,✔️
ado,Abu,,,✔️
adq,Adangbe,,,✔️
adx,"Tibetan, Amdo",✔️,✔️,✔️
ady,Adyghe,,,✔️
adz,Adzera,,,✔️
aee,"Pashai, Northeast",,,✔️
ael,Ambele,,,✔️
aeu,Akeu,✔️,✔️,✔️
aey,Amele,,,✔️
aez,Aeka,,,✔️
afe,Utugwang-Irungene-Afrike,,,✔️
afi,Chini,,,✔️
afo,Ajiri,,,✔️
afr,Afrikaans,✔️,,✔️
afu,Awutu,,,✔️
afz,Obokuitai,,,✔️
agb,Legbo,,,✔️
agc,Agatu,,,✔️
agd,Agarabi,✔️,✔️,✔️
age,Angal,,,✔️
agf,Arguni,,,✔️
agg,Angor,✔️,✔️,✔️
agh,Ngelima,,,✔️
agi,Agariya,,,✔️
agl,Fembe,,,✔️
agn,Agutaynen,✔️,✔️,✔️
agr,Awajún,✔️,✔️,✔️
ags,Esimbi,,,✔️
agt,"Agta, Central Cagayan",,,✔️
agu,Awakateko,✔️,✔️,✔️
agw,Kahua,,,✔️
agx,Aghul,✔️,✔️,✔️
agy,"Alta, Southern",,,✔️
aha,Ahanta,✔️,✔️,✔️
ahb,Axamb,,,✔️
ahg,Qimant,,,✔️
ahk,Akha,✔️,✔️,✔️
ahl,Igo,,,✔️
ahp,"Aizi, Aproumu",,,✔️
ahr,Ahirani,,,✔️
ahs,Ashe,,,✔️
aia,Arosi,✔️,✔️,✔️
aif,Agi,,,✔️
aii,Assyrian Neo-Aramaic,,,✔️
aik,Akye,,,✔️
aim,Aimol,,,✔️
aio,Aiton,,,✔️
aiw,Aari,,,✔️
aix,Aighon,,,✔️
ajg,Aja,,,✔️
aji,Ajië,,,✔️
aka,Akan,✔️,✔️,✔️
akb,Batak Angkola,✔️,✔️,✔️
akc,Mpur,,,✔️
ake,Akawaio,✔️,✔️,✔️
akf,Akpa,,,✔️
akg,Anakalangu,,,✔️
akh,Angal Heneng,,,✔️
aki,Aiome,,,✔️
akl,Aklanon,,,✔️
akp,Siwu,✔️,✔️,✔️
akq,Ak,,,✔️
akr,Araki,,,✔️
aks,Akaselem,,,✔️
akt,Akolet,,,✔️
aku,Akum,,,✔️
akw,Akwa,,,✔️
ala,Alago,,,✔️
ald,Alladian,,,✔️
ale,Aleut,,,✔️
alf,Elege,,,✔️
alh,Alawa,,,✔️
alj,Alangan,✔️,✔️,✔️
alk,Alak,,,✔️
all,Allar,,,✔️
alp,Alune,✔️,✔️,✔️
alq,Algonquin,,,✔️
alt,"Altai, Southern",✔️,✔️,✔️
alu,’Are’are,,,✔️
alw,Alaba-K’abeena,,,✔️
alx,Amol,,,✔️
aly,Alyawarr,,,✔️
alz,Alur,✔️,✔️,✔️
amb,Ambo,,,✔️
amc,Amahuaca,,,✔️
ame,Yanesha’,✔️,✔️,✔️
amf,Hamer-Banna,✔️,✔️,✔️
amh,Amharic,✔️,✔️,✔️
ami,Amis,✔️,✔️,✔️
amk,Ambai,✔️,✔️,✔️
amm,Sawiyanu,,,✔️
amn,Amanab,,,✔️
amo,Amo,,,✔️
amr,Amarakaeri,,,✔️
amt,Amto,,,✔️
amu,"Amuzgo, Guerrero",,,✔️
anc,Ngas,,,✔️
anf,Animere,,,✔️
anj,Anor,,,✔️
ank,Goemai,,,✔️
anl,"Chin, Anu-Khongso",,,✔️
anm,Anal,,,✔️
ann,Obolo,✔️,✔️,✔️
ano,Andoque,,,✔️
anp,Angika,,,✔️
anr,Andh,,,✔️
anu,Anuak,,,✔️
anv,Denya,,,✔️
anw,Anaang,,,✔️
anx,Andra-Hus,,,✔️
any,Anyin,✔️,✔️,✔️
aoe,Angal Enen,,,✔️
aof,Bragat,,,✔️
aog,Angoram,,,✔️
aoi,Anindilyakwa,,,✔️
aoj,Mufian,,,✔️
aol,Alor,,,✔️
aom,Ömie,,,✔️
aon,Weri,,,✔️
aot,Atong,,,✔️
aoz,Uab Meto,✔️,✔️,✔️
apb,Sa’a,✔️,✔️,✔️
ape,Bukiyip,,,✔️
apf,"Agta, Pahanan",,,✔️
apj,"Apache, Jicarilla",,,✔️
apm,"Apache, Mescalero-Chiricahua",,,✔️
apn,Apinayé,,,✔️
apr,Arop-Lokep,✔️,✔️,✔️
aps,Orop,,,✔️
apt,Apatani,,,✔️
apu,Apurinã,,,✔️
apw,"Apache, Western",,,✔️
apy,Apalaí,,,✔️
apz,Safeyoka,,,✔️
aqg,Arigidi,,,✔️
aqm,Atohwaim,,,✔️
aqt,Angaité,,,✔️
ara,Arabic,✔️,✔️,✔️
are,"Arrarnta, Western",,,✔️
arg,Aragonese,,,✔️
arh,Arhuaco,,,✔️
arl,Arabela,✔️,✔️,✔️
arn,Mapudungun,,,✔️
aro,Araona,,,✔️
arp,Arapaho,,,✔️
arr,Karo,,,✔️
arv,Arbore,,,✔️
arw,Arawak,,,✔️
arx,Aruá,,,✔️
asa,Asu,✔️,✔️,✔️
asb,Assiniboine,,,✔️
asc,"Asmat, Casuarina Coast",,,✔️
asg,Cishingini,✔️,✔️,✔️
asi,Buruwai,,,✔️
asm,Assamese,✔️,✔️,✔️
aso,Dano,,,✔️
asr,Asuri,,,✔️
ass,Ipulo,,,✔️
ast,Asturian,✔️,,✔️
asu,"Asurini, Tocantins",,,✔️
asy,"Asmat, Yaosakor",,,✔️
ata,Pele-Ata,✔️,✔️,✔️
atb,Zaiwa,✔️,✔️,✔️
atd,"Manobo, Ata",,,✔️
atg,Ivbie North-Okpela-Arhe,✔️,✔️,✔️
ati,Attié,✔️,✔️,✔️
atk,Ati,,,✔️
ato,Atong,,,✔️
atp,"Atta, Pudtol",,,✔️
atq,Aralle-Tabulahan,✔️,✔️,✔️
att,"Atta, Pamplona",,,✔️
atu,Reel,,,✔️
aty,Aneityum,,,✔️
auc,Waorani,,,✔️
aug,Aguna,,,✔️
aui,Anuki,,,✔️
auk,Heiyoho,,,✔️
aul,Aulua,,,✔️
aun,"One, Molmo",,,✔️
aup,Makayam,,,✔️
auq,Anus,,,✔️
auu,Auye,,,✔️
auy,Awiyaana,,,✔️
ava,Avar,✔️,✔️,✔️
avd,Alviri-Vidari,,,✔️
avi,Avikam,,,✔️
avn,Avatime,✔️,✔️,✔️
avt,Au,,,✔️
avu,Avokaya,✔️,✔️,✔️
awa,Awadhi,✔️,✔️,✔️
awb,Awa,✔️,✔️,✔️
awe,Awetí,,,✔️
awi,Aekyom,,,✔️
awn,Awngi,,,✔️
awu,"Awyu, Central",,,✔️
aww,Awun,,,✔️
axk,Yaka,,,✔️
ayb,"Gbe, Ayizo",,,✔️
ayg,Ginyanga,,,✔️
ayo,Ayoreo,✔️,✔️,✔️
ayr,"Aymara, Central",✔️,✔️,✔️
ayt,"Ayta, Magbukun",,,✔️
ayu,Ayu,,,✔️
ayz,Mai Brat,✔️,✔️,✔️
azb,"Azerbaijani, South",✔️,✔️,(See 'aze')
azd,"Nahuatl, Eastern Durango",,,✔️
aze,Azerbaijani,"(See 'azj', azb')","(See 'azj', azb')",✔️
azg,"Amuzgo, San Pedro Amuzgos",✔️,✔️,✔️
azj,"Azerbaijani, North","✔️ (script: cyrillic, script: latin)","✔️ (script: cyrillic, script: latin)",(See 'aze')
azo,Awing,,,✔️
azt,"Atta, Faire",,,✔️
azz,"Nahuatl, Highland Puebla",✔️,✔️,✔️
baa,Babatana,,,✔️
bab,Bainouk-Gunyuño,,,✔️
bac,Badui,,,✔️
bag,Tuki,,,✔️
bak,Bashkort,✔️,✔️,✔️
bam,Bamanankan,✔️,✔️,✔️
ban,Bali,✔️,✔️,✔️
bao,Waimaha,✔️,✔️,✔️
bap,Bantawa,,,✔️
bar,Bavarian,,,✔️
bas,Basaa,✔️,,✔️
bau,Mbat,,,✔️
bav,Vengo,✔️,✔️,✔️
baw,Bambili-Bambui,,,✔️
bax,Bamun,,,✔️
bba,Baatonum,✔️,✔️,✔️
bbb,Barai,✔️,✔️,✔️
bbc,Batak Toba,✔️,✔️,✔️
bbf,Baibai,,,✔️
bbj,Ghomálá’,,,✔️
bbk,Babanki,,,✔️
bbo,Konabéré,✔️,✔️,✔️
bbp,"Banda, West Central",,,✔️
bbq,Bamali,,,✔️
bbr,Girawa,,,✔️
bbt,Mburku,,,✔️
bbu,Kulung,,,✔️
bbv,Karnai,,,✔️
bbw,Supapya,,,✔️
bby,Befang,,,✔️
bca,"Bai, Central",,,✔️
bcc,"Balochi, Southern","✔️ (script: arabic, script: latin)","✔️ (script: arabic, script: latin)",✔️
bcf,Bamu,,,✔️
bcg,Baga Pokur,,,✔️
bci,Baoulé,,,✔️
bcj,Bardi,,,✔️
bcl,"Bikol, Central",✔️,✔️,✔️
bcn,Bali,,,✔️
bco,Kaluli,,,✔️
bcp,Bali,,,✔️
bcq,Bench,,,✔️
bcs,Hohumono,,,✔️
bcv,Shoo-Minda-Nye,,,✔️
bcw,Bana,✔️,✔️,✔️
bcy,Bacama,,,✔️
bcz,Bainouk-Gunyaamolo,,,✔️
bda,Bayot,,,✔️
bdb,Basap,,,✔️
bdd,Bunama,,,✔️
bde,Bade,,,✔️
bdg,Bonggi,✔️,✔️,✔️
bdh,Baka,✔️,✔️,✔️
bdi,Burun,,,✔️
bdl,"Bajau, Indonesian",,,✔️
bdm,Buduma,,,✔️
bdq,Bahnar,✔️,✔️,✔️
bdu,Oroko,✔️,✔️,✔️
bdv,Bodo Parja,✔️,✔️,✔️
bdw,Baham,,,✔️
bea,Beaver,,,✔️
bec,Iceve-Maci,,,✔️
bee,Byangsi,,,✔️
bef,Benabena,,,✔️
beh,Biali,✔️,✔️,✔️
bei,Bakati’,,,✔️
bej,Bedawiyet,,,✔️
bek,Bebeli,,,✔️
bel,Belarusian,✔️,,✔️
bem,Bemba,✔️,✔️,✔️
ben,Bengali,✔️,✔️,✔️
beo,Bedamuni,,,✔️
bep,Behoa,✔️,✔️,✔️
beq,Beembe,,,✔️
bet,"Bété, Guiberoua",,,✔️
beu,Blagar,,,✔️
bev,"Bété, Daloa",,,✔️
bew,Betawi,,,✔️
bex,Jur Modo,✔️,✔️,✔️
bey,Beli,,,✔️
bez,Bena,,,✔️
bfa,Bari,✔️,✔️,✔️
bfb,"Bareli, Pauri",,,✔️
bfd,Bafut,,,✔️
bfe,Betaf,,,✔️
bfg,"Kayan, Busang",,,✔️
bfh,Blafe,,,✔️
bfj,Bafanji,,,✔️
bfm,Mmen,,,✔️
bfo,"Birifor, Malba",✔️,✔️,✔️
bfq,Badaga,,,✔️
bfr,Bazigar,,,✔️
bfs,"Bai, Southern",,,✔️
bft,Balti,,,✔️
bfu,Gahri,,,✔️
bfw,Bondo,,,✔️
bfy,Bagheli,✔️,✔️,✔️
bfz,"Pahari, Mahasu",✔️,✔️,✔️
bga,Gwamhi-Wuri,,,✔️
bgc,Haryanvi,✔️,✔️,✔️
bgd,"Bareli, Rathwi",,,✔️
bge,Bauria,,,✔️
bgf,Bangandu,,,✔️
bgg,Bugun,,,✔️
bgi,Bagobo-Klata,,,✔️
bgn,"Balochi, Western",,,✔️
bgp,"Balochi, Eastern",,,✔️
bgq,Bagri,✔️,✔️,✔️
bgr,"Chin, Bawm",✔️,✔️,✔️
bgs,Tagabawa,,,✔️
bgt,Bughotu,✔️,✔️,✔️
bgv,Warkay-Bipim,,,✔️
bgw,Bhatri,✔️,✔️,✔️
bgx,Balkan Gagauz Turkish,,,✔️
bgz,Banggai,,,✔️
bha,Bharia,✔️,✔️,✔️
bhb,Bhili,,,✔️
bhd,Bhadrawahi,,,✔️
bhf,Odiai,,,✔️
bhg,Binandere,,,✔️
bhh,Bukharic,,,✔️
bhi,Bhilali,,,✔️
bhj,Bahing,,,✔️
bhl,Bimin,,,✔️
bho,Bhojpuri,,,✔️
bhp,Bima,,,✔️
bhq,Tukang Besi South,,,✔️
bhs,Buwal,,,✔️
bht,Bhattiyali,✔️,✔️,✔️
bhu,Bhunjia,,,✔️
bhw,Biak,,,✔️
bhx,Bhalay,,,✔️
bhy,Bhele,,,✔️
bhz,Bada,✔️,✔️,✔️
bib,Bisa,✔️,✔️,✔️
bid,Bidiyo,,,✔️
bif,Biafada,,,✔️
big,Biangai,,,✔️
bil,Bille,,,✔️
bim,Bimoba,✔️,✔️,✔️
bin,Edo,,,✔️
bio,Nai,,,✔️
bip,Bila,,,✔️
bis,Bislama,✔️,✔️,✔️
bit,Berinomo,,,✔️
biu,Biate,,,✔️
biv,"Birifor, Southern",✔️,✔️,✔️
bix,Bijori,,,✔️
biy,Birhor,,,✔️
biz,Baloi,,,✔️
bja,Budza,,,✔️
bjc,Bariji,,,✔️
bje,Biao-Jiao Mien,,,✔️
bjg,Bidyogo,,,✔️
bjh,Bahinemo,,,✔️
bji,Burji,,,✔️
bjj,Kanauji,,,✔️
bjk,Barok,,,✔️
bjn,Banjar,,,✔️
bjo,"Banda, Mid-Southern",,,✔️
bjp,Fanamaket,,,✔️
bjr,Binumarien,✔️,✔️,✔️
bjt,Balanta-Ganja,,,✔️
bjv,Bedjond,✔️,✔️,✔️
bjw,Bakwé,✔️,✔️,✔️
bjx,"Kalinga, Vanaw",,,✔️
bjz,Baruga,✔️,✔️,✔️
bkc,Baka,,,✔️
bkd,Binukid,✔️,✔️,✔️
bkg,Buraka,,,✔️
bkk,Brokskat,,,✔️
bkl,Berik,,,✔️
bkm,Kom,,,✔️
bkq,Bakairí,,,✔️
bkr,Bakumpai,,,✔️
bks,"Sorsoganon, Northern",,,✔️
bku,Buhid,,,✔️
bkv,Bekwarra,✔️,✔️,✔️
bkw,Bekwel,,,✔️
bkx,Baikeno,,,✔️
bky,Bokyi,,,✔️
bla,Blackfoot,,,✔️
blb,Bilua,,,✔️
blc,Bella Coola,,,✔️
ble,Balanta-Kentohe,,,✔️
blf,Buol,,,✔️
blh,Kuwaa,✔️,✔️,✔️
bli,Bolia,,,✔️
blk,Pa’o,,,✔️
blm,Beli,,,✔️
blo,Anii,,,✔️
blq,Paluai,,,✔️
blr,Blang,,,✔️
blt,Tai Dam,✔️,✔️,✔️
blw,Balangao,,,✔️
blx,"Ayta, Mag-Indi",✔️,✔️,✔️
bly,Notre,,,✔️
blz,Balantak,✔️,✔️,✔️
bma,Lame,,,✔️
bmb,Bembe,,,✔️
bmd,Baga Manduri,,,✔️
bmf,Bom-Kim,,,✔️
bmi,Bagirmi,,,✔️
bmj,Bote,,,✔️
bmk,Ghayavi,,,✔️
bmq,Bomu,✔️,✔️,✔️
bmr,Muinane,✔️,✔️,✔️
bmu,Somba-Siawari,✔️,✔️,✔️
bmv,Bum,✔️,✔️,✔️
bng,Benga,✔️,✔️,✔️
bni,Bangi,,,✔️
bnj,Bangon,,,✔️
bnn,Bunun,,,✔️
bno,Bantoanon,✔️,✔️,✔️
bnp,Bola,✔️,✔️,✔️
bns,Bundeli,,,✔️
bnv,Beneraf,,,✔️
bnx,Bangubangu,,,✔️
boa,Bora,✔️,✔️,✔️
bob,Aweer,,,✔️
bod,"Tibetan, Central",✔️,✔️,✔️
bof,Bolon,,,✔️
boh,Boma,,,✔️
boj,Anjam,✔️,✔️,✔️
bol,Bole,,,✔️
bom,Berom,✔️,✔️,✔️
bon,Bine,,,✔️
boo,"Bozo, Tiemacèwè",,,✔️
boq,Bogaya,,,✔️
bor,Borôro,✔️,✔️,✔️
bos,Bosnian,✔️,,✔️
bou,Bondei,,,✔️
bov,Tuwuli,✔️,✔️,✔️
box,Buamu,✔️,✔️,✔️
bpe,Bauni,,,✔️
bpn,Dzao Min,,,✔️
bpp,Kaure,,,✔️
bpr,"Blaan, Koronadal",✔️,✔️,✔️
bps,"Blaan, Sarangani",✔️,✔️,✔️
bpu,Bongu,,,✔️
bpv,"Marind, Bian",,,✔️
bpw,Bo,,,✔️
bpx,"Bareli, Palya",,,✔️
bpy,Bishnupuriya,,,✔️
bpz,Bilba,,,✔️
bqa,Tchumbuli,,,✔️
bqc,Boko,✔️,✔️,✔️
bqg,Bago-Kusuntu,,,✔️
bqh,Baima,,,✔️
bqi,Bakhtiâri,✔️,✔️,✔️
bqj,Bandial,✔️,✔️,✔️
bqo,Balo,,,✔️
bqp,Bisã,✔️,✔️,✔️
bqr,Burusu,,,✔️
bqs,Bosmun,,,✔️
bqt,Bamukumbit,,,✔️
bqv,Koro Wachi,,,✔️
bqx,Baangi,,,✔️
bra,Braj Bhasha,,,✔️
brb,Brao,,,✔️
brd,Baram,,,✔️
bre,Breton,✔️,,✔️
brf,Bira,,,✔️
brg,Baure,,,✔️
brh,Brahui,,,✔️
bri,Mokpwe,,,✔️
brl,Birwa,,,✔️
brp,Barapasi,,,✔️
brq,Breri,,,✔️
brr,Birao,,,✔️
brt,Bitare,,,✔️
bru,"Bru, Eastern",✔️,✔️,✔️
brv,"Bru, Western",,,✔️
brx,Boro,,,✔️
bsc,Oniyan,✔️,✔️,✔️
bse,Wushi,,,✔️
bsf,Bauchi,,,✔️
bsh,Kati,,,✔️
bsn,Barasana-Eduria,,,✔️
bsp,Baga Sitemu,,,✔️
bsq,Bassa,✔️,✔️,✔️
bss,Akoose,✔️,✔️,✔️
bst,Basketo,,,✔️
bsy,"Bisaya, Sabah",,,✔️
bta,Bata,,,✔️
btd,Batak Dairi,✔️,✔️,✔️
bte,Gamo-Ningi,,,✔️
btg,"Bété, Gagnoa",,,✔️
btm,Batak Mandailing,,,✔️
bto,"Bikol, Rinconada",,,✔️
bts,Batak Simalungun,✔️,✔️,✔️
btt,Bete-Bendi,✔️,✔️,✔️
btu,Batu,,,✔️
btx,Batak Karo,✔️,✔️,✔️
bub,Bua,,,✔️
bud,Ntcham,✔️,✔️,✔️
buf,Bushoong,,,✔️
bug,Bugis,,,✔️
buh,"Bunu, Younuo",,,✔️
bui,Bongili,,,✔️
buj,Basa-Gurmana,,,✔️
buk,Bugawac,,,✔️
bul,Bulgarian,✔️,✔️,✔️
bum,Bulu,,,✔️
bun,Sherbro,,,✔️
buo,Terei,,,✔️
bus,Bokobaru,✔️,✔️,✔️
buu,Budu,,,✔️
buw,Bubi,,,✔️
bux,Boghom,,,✔️
buz,Bukwen,,,✔️
bva,Barein,,,✔️
bvc,Baelelea,✔️,✔️,✔️
bvd,Baeggu,,,✔️
bvh,Bure,,,✔️
bvi,Belanda Viri,,,✔️
bvm,Bamunka,,,✔️
bvr,Burarra,,,✔️
bvu,"Malay, Bukit",,,✔️
bvw,Boga,,,✔️
bvz,Bauzi,✔️,✔️,✔️
bwd,Bwaidoka,,,✔️
bwe,"Karen, Bwe",,,✔️
bwf,Boselewa,,,✔️
bwi,Baniwa,,,✔️
bwm,Biwat,,,✔️
bwo,Borna,,,✔️
bwq,"Bobo Madaré, Southern",✔️,✔️,✔️
bwr,Bura-Pabir,,,✔️
bws,Bomboma,,,✔️
bwt,Bafaw-Balong,,,✔️
bwu,Buli,✔️,✔️,✔️
bww,Bwa,,,✔️
bwx,"Bunu, Bu-Nao",,,✔️
bxa,Bauro,,,✔️
bxb,Belanda Bor,,,✔️
bxg,Bangala,,,✔️
bxh,Buhutu,,,✔️
bxk,Bukusu,,,✔️
bxl,Jalkunan,,,✔️
bxq,Beele,,,✔️
bxr,"Buriat, Russia",,,✔️
bxs,Busam,,,✔️
bya,Batak,,,✔️
byc,Ubaghara,,,✔️
byd,Benyadu’,,,✔️
bye,Pouye,,,✔️
byj,Bina,,,✔️
byn,Bilen,,,✔️
byo,Biyo,,,✔️
byp,Bumaji,,,✔️
byr,Yipma,✔️,✔️,✔️
bys,Burak,,,✔️
byv,Medumba,,,✔️
byx,Qaqet,,,✔️
byz,Waran,,,✔️
bza,Bandi,,,✔️
bzd,Bribri,,,✔️
bze,"Bozo, Jenaama",,,✔️
bzf,Boikin,,,✔️
bzh,"Buang, Mapos",✔️,✔️,✔️
bzi,Bisu,✔️,✔️,✔️
bzj,Belize English Creole,✔️,✔️,✔️
bzu,Burmeso,,,✔️
bzw,Basa,,,✔️
bzx,"Bozo, Kelengaxo",,,✔️
bzy,Abanglekuo,,,✔️
bzz,Evant,,,✔️
caa,Ch’orti’,✔️,✔️,✔️
cab,Garifuna,✔️,✔️,✔️
cac,Chuj,"✔️ (dialect: sanmateoixtatan, dialect: sansebastiancoatan)","✔️ (dialect: sanmateoixtatan, dialect: sansebastiancoatan)",✔️
cae,Laalaa,,,✔️
caf,"Carrier, Southern",,,✔️
cag,Nivaclé,,,✔️
cak,Kaqchikel,"✔️ (dialect: central, dialect: santamariadejesus, dialect: santodomingoxenacoj, dialect: southcentral, dialect: western, dialect: yepocapa)","✔️ (dialect: central, dialect: santamariadejesus, dialect: santodomingoxenacoj, dialect: southcentral, dialect: western, dialect: yepocapa)",✔️
can,Chambri,,,✔️
cao,Chácobo,,,✔️
cap,Chipaya,✔️,✔️,✔️
caq,"Nicobarese, Car",,,✔️
car,Carib,✔️,✔️,✔️
cas,Tsimané,✔️,✔️,✔️
cat,Catalan,✔️,✔️,✔️
cav,Cavineña,,,✔️
cax,Chiquitano,✔️,✔️,✔️
caz,Canichana,,,✔️
cbc,Carapana,✔️,✔️,✔️
cbd,Carijona,,,✔️
cbg,Chimila,,,✔️
cbi,Chachi,✔️,✔️,✔️
cbj,Ede Cabe,,,✔️
cbk,Chavacano,,,✔️
cbn,Nyahkur,,,✔️
cbo,Izora,,,✔️
cbr,Kakataibo-Kashibo,✔️,✔️,✔️
cbs,Kashinawa,✔️,✔️,✔️
cbt,Shawi,✔️,✔️,✔️
cbu,Kandozi-Chapra,✔️,✔️,✔️
cbv,Cacua,✔️,✔️,✔️
cce,Chopi,✔️,✔️,✔️
ccg,Samba Daka,,,✔️
cch,Atsam,,,✔️
ccj,Kasanga,,,✔️
ccl,Cutchi-Swahili,,,✔️
cco,"Chinantec, Comaltepec",✔️,✔️,✔️
ccp,Chakma,,,✔️
cde,Chenchu,,,✔️
cdf,Chiru,,,✔️
cdh,Chambeali,,,✔️
cdi,Chodri,,,✔️
cdj,Churahi,✔️,✔️,✔️
cdm,Chepang,,,✔️
cdn,Chaudangsi,,,✔️
cdo,"Chinese, Min Dong",,,✔️
cdr,Kamuku,,,✔️
ceb,Cebuano,✔️,✔️,✔️
ceg,Chamacoco,✔️,✔️,✔️
cek,"Chin, Eastern Khumi",✔️,✔️,✔️
ces,Czech,✔️,,✔️
cfa,Dikaka,,,✔️
cfd,Cara,,,✔️
cfg,Karimjo,,,✔️
cfm,"Chin, Falam",✔️,✔️,✔️
cgc,Kagayanen,✔️,✔️,✔️
cgg,Chiga,,,✔️
cgk,Chocangacakha,,,✔️
chd,"Chontal, Highland Oaxaca",,,✔️
che,Chechen,✔️,✔️,✔️
chf,"Chontal, Tabasco",✔️,✔️,✔️
chj,"Chinantec, Ojitlán",,,✔️
chk,Chuukese,,,✔️
cho,Choctaw,,,✔️
chp,Dene,,,✔️
chq,"Chinantec, Quiotepec",,,✔️
chr,Cherokee,,,✔️
chv,Chuvash,✔️,✔️,✔️
chw,Chuwabu,,,✔️
chx,Chantyal,,,✔️
chy,Cheyenne,,,✔️
chz,"Chinantec, Ozumacín",✔️,✔️,✔️
cib,"Gbe, Ci",,,✔️
cih,Chinali,,,✔️
cik,"Kinnauri, Chitkuli",,,✔️
cin,Cinta Larga,,,✔️
ciw,Chippewa,,,✔️
cja,"Cham, Western",,,✔️
cje,Chru,,,✔️
cjk,Chokwe,,,✔️
cjm,"Cham, Eastern",,,✔️
cjo,"Ashéninka, Pajonal",✔️,✔️,✔️
cjp,Cabécar,✔️,✔️,✔️
cjs,Shor,✔️,✔️,✔️
cjv,Chuave,,,✔️
ckb,"Kurdish, Central",✔️,,✔️
ckh,Chak,,,✔️
ckl,Kibaku,,,✔️
cko,Anufo,✔️,✔️,✔️
ckt,Chukchi,✔️,✔️,✔️
cku,Koasati,,,✔️
ckx,Caka,,,✔️
cky,Cakfem-Mushere,,,✔️
cla,Ron,✔️,✔️,✔️
clc,Chilcotin,,,✔️
cld,Chaldean Neo-Aramaic,,,✔️
cle,"Chinantec, Lealao",✔️,✔️,✔️
cli,Chakali,,,✔️
clj,"Chin, Laitu",,,✔️
clk,Idu-Mishmi,,,✔️
cll,Chala,,,✔️
clo,"Chontal, Lowland Oaxaca",,,✔️
clt,"Chin, Lautu",,,✔️
clu,Caluyanun,,,✔️
cly,"Chatino, Eastern Highland",✔️,✔️,✔️
cma,Maa,,,✔️
cme,Cerma,✔️,✔️,✔️
cmn,"Chinese, Mandarin",✔️ (script: simplified),,✔️
cmo,"Mnong, Central","✔️ (script: khmer, script: latin)","✔️ (script: khmer, script: latin)",✔️
cmr,Mro-Khimi,✔️,✔️,✔️
cna,Changthang,,,✔️
cnb,"Chin, Uppu",,,✔️
cnc,Côông,,,✔️
cnh,"Chin, Hakha",✔️,✔️,✔️
cni,Asháninka,✔️,✔️,✔️
cnk,"Chin, Khumi",,,✔️
cnl,"Chinantec, Lalana",✔️,✔️,✔️
cnq,Chung,,,✔️
cns,"Asmat, Central",,,✔️
cnt,"Chinantec, Tepetotutla",✔️,✔️,✔️
cnw,"Chin, Ngawn",,,✔️
cob,Chicomuceltec,,,✔️
coc,Cocopa,,,✔️
cod,Kukama-Kukamiria,,,✔️
coe,Koreguaje,✔️,✔️,✔️
cof,Tsafiki,✔️,✔️,✔️
cog,Chong,,,✔️
coh,Chichonyi-Chidzihana-Chikauma,,,✔️
coj,Cochimi,,,✔️
cok,"Cora, Santa Teresa",✔️,✔️,✔️
com,Comanche,,,✔️
con,Cofán,✔️,✔️,✔️
cos,Corsican,,,✔️
cot,Caquinte,✔️,✔️,✔️
cou,Wamey,✔️,✔️,✔️
cov,Cao Miao,,,✔️
cox,Nanti,,,✔️
coz,Chocholtec,,,✔️
cpa,"Chinantec, Palantla",✔️,✔️,✔️
cpb,"Ashéninka, Ucayali-Yurúa",✔️,✔️,✔️
cpu,"Ashéninka, Pichis",✔️,✔️,✔️
cpx,"Chinese, Pu-Xian",,,✔️
cqd,"Miao, Chuanqiandian Cluster",,,✔️
cra,Chara,,,✔️
crc,Lonwolwol,,,✔️
crh,Crimean Tatar,✔️,✔️,✔️
crj,"Cree, Southern East",,,✔️
crk,"Cree, Plains","✔️ (script: latin, script: syllabics)","✔️ (script: latin, script: syllabics)",✔️
crn,"Cora, El Nayar",✔️,✔️,✔️
cro,Crow,,,✔️
crq,"Chorote, Iyo’wujwa",✔️,✔️,✔️
crs,Seychelles French Creole,✔️,✔️,✔️
crt,"Chorote, Iyojwa’ja",✔️,✔️,✔️
crv,Chaura,,,✔️
crw,Chrau,,,✔️
crx,Carrier,,,✔️
cry,Kyoli,,,✔️
csa,"Chinantec, Chiltepec",,,✔️
csh,"Chin, Asho",,,✔️
csk,Jola-Kasa,✔️,✔️,✔️
cso,"Chinantec, Sochiapam",✔️,✔️,✔️
csy,"Chin, Siyin",,,✔️
cta,"Chatino, Tataltepec",,,✔️
ctd,"Chin, Tedim",✔️,✔️,✔️
cte,"Chinantec, Tepinapa",,,✔️
ctg,Chittagonian,✔️,✔️,✔️
ctl,"Chinantec, Tlacoatzintepec",,,✔️
cto,Embera Catío,✔️,✔️,✔️
ctp,"Chatino, Western Highland",,,✔️
ctt,"Chetti, Wayanad",,,✔️
ctu,Chol,✔️,✔️,✔️
ctz,"Chatino, Zacatepec",,,✔️
cua,Cua,,,✔️
cub,Cubeo,,,✔️
cuc,"Chinantec, Usila",✔️,✔️,✔️
cui,Cuiba,✔️,✔️,✔️
cuk,"Kuna, San Blas",✔️,✔️,✔️
cul,Kulina,✔️,✔️,✔️
cut,"Cuicatec, Teutila",,,✔️
cuv,Cuvok,,,✔️
cux,"Cuicatec, Tepeuxila",,,✔️
cvg,Chug,,,✔️
cvn,"Chinantec, Valle Nacional",,,✔️
cwa,Kabwa,✔️,✔️,✔️
cwe,Kwere,✔️,✔️,✔️
cwt,Kuwaataay,✔️,✔️,✔️
cya,"Chatino, Nopala",✔️,✔️,✔️
cyb,Cayubaba,,,✔️
cym,Welsh,✔️,✔️,✔️
cyo,Cuyonon,,,✔️
czh,"Chinese, Huizhou",,,✔️
czt,"Chin, Zotung",,,✔️
daa,Dangaléat,✔️,✔️,✔️
dad,Marik,,,✔️
dag,Dagbani,,,✔️
dah,Gwahatike,✔️,✔️,✔️
dai,Day,,,✔️
dak,Dakota,,,✔️
dan,Danish,✔️,,✔️
dao,"Chin, Daai",,,✔️
daq,"Maria, Dandami",,,✔️
dar,Dargwa,✔️,✔️,✔️
das,Daho-Doo,,,✔️
dav,Dawida,,,✔️
daw,Davawenyo,,,✔️
dbb,Deno,,,✔️
dbd,Dadiya,,,✔️
dbi,Doka,,,✔️
dbj,Ida’an,✔️,✔️,✔️
dbm,Duguri,,,✔️
dbn,Duriankere,,,✔️
dbq,Daba,✔️,✔️,✔️
dbv,Dungu,,,✔️
dby,Dibiyaso,,,✔️
dcc,Deccan,,,✔️
dde,Doondo,,,✔️
ddg,Fataluku,,,✔️
ddn,Dendi,✔️,✔️,✔️
ded,Dedua,✔️,✔️,✔️
dee,Dewoin,,,✔️
def,Dezfuli,,,✔️
deg,Degema,,,✔️
dei,Demisa,,,✔️
dem,Dem,,,✔️
der,Deori,,,✔️
des,Desano,✔️,✔️,✔️
deu,"German, Standard",✔️,✔️,✔️
dez,Dengese,,,✔️
dga,"Dagaare, Southern",✔️,✔️,✔️
dgc,"Agta, Casiguran Dumagat",,,✔️
dgd,Dagaari Dioula,,,✔️
dge,Degenang,,,✔️
dgg,Doga,,,✔️
dgh,Dghwede,,,✔️
dgi,"Dagara, Northern",✔️,✔️,✔️
dgk,Dagba,✔️,✔️,✔️
dgo,Dogri,✔️,✔️,✔️
dgr,Tlicho,✔️,✔️,✔️
dgx,Doghoro,,,✔️
dgz,Daga,,,✔️
dhd,Dhundari,,,✔️
dhg,Dhangu-Djangu,,,✔️
dhi,Dhimal,✔️,✔️,✔️
dhm,Dhimba,,,✔️
dhn,Dangi,,,✔️
dhv,Drehu,,,✔️
dhw,Danuwar,,,✔️
dia,Dia,,,✔️
dib,"Dinka, South Central",,,✔️
did,Didinga,✔️,✔️,✔️
dig,Chidigo,✔️,✔️,✔️
dih,Kumiai,,,✔️
dij,Dai,,,✔️
dik,"Dinka, Southwestern",✔️,✔️,✔️
dil,Dilling,,,✔️
dim,Dime,,,✔️
dio,Dibo,,,✔️
dip,"Dinka, Northeastern",✔️,✔️,✔️
dir,Dirim,,,✔️
dis,Dimasa,,,✔️
diu,Gciriku,,,✔️
div,Maldivian,✔️,✔️,✔️
diw,"Dinka, Northwestern",,,✔️
diz,Ding,,,✔️
djc,"Daju, Dar Daju",,,✔️
dje,Zarma,,,✔️
djk,Aukan,✔️,✔️,✔️
djm,"Dogon, Jamsay",,,✔️
djn,Djauan,,,✔️
djo,Jangkang,,,✔️
djr,Djambarrpuyngu,,,✔️
dka,Dakpakha,,,✔️
dks,"Dinka, Southeastern",,,✔️
dkx,Mazagway-Hidi,,,✔️
dln,Darlong,,,✔️
dma,Duma,,,✔️
dme,Dugwor,,,✔️
dmg,"Kinabatangan, Upper",,,✔️
dmo,Kemedzung,,,✔️
dmr,"Damar, East",,,✔️
dms,Dampelas,,,✔️
dna,"Dani, Upper Grand Valley",,,✔️
dnd,Daonda,,,✔️
dni,"Dani, Lower Grand Valley",,,✔️
dnj,Dan,"✔️ (dialect: blowowest, dialect: gweetaawueast)","✔️ (dialect: blowowest, dialect: gweetaawueast)",✔️
dnn,Dzùùngoo,,,✔️
dnt,"Dani, Mid Grand Valley",✔️,✔️,✔️
dnw,"Dani, Western",✔️,✔️,✔️
dob,Dobu,,,✔️
dof,Domu,,,✔️
doo,Dongo,,,✔️
dop,Lukpa,✔️,✔️,✔️
dor,Dori’o,,,✔️
dos,Dogosé,✔️,✔️,✔️
dot,Dass,,,✔️
dow,Doyayo,,,✔️
dox,Mositacha,,,✔️
doy,Dompo,,,✔️
doz,Dorze,,,✔️
drd,Darmiya,,,✔️
dre,Dolpo,,,✔️
drg,Rungus,,,✔️
dri,C’Lela,,,✔️
drs,Gedeo,,,✔️
dru,Rukai,,,✔️
dry,Darai,,,✔️
dsh,Daasanach,✔️,✔️,✔️
dsn,Dusner,,,✔️
dso,Desiya,✔️,✔️,✔️
dsq,Tadaksahak,,,✔️
dta,Daur,,,✔️
dtb,"Kadazan, Labuk-Kinabatangan",,,✔️
dtm,"Dogon, Tomo Kan",,,✔️
dtp,Kadazan Dusun,✔️,✔️,✔️
dts,"Dogon, Toro So",✔️,✔️,✔️
dua,Duala,,,✔️
dub,Dubli,,,✔️
duc,Duna,,,✔️
due,"Agta, Umiray Dumaget",,,✔️
dug,Chiduruma,✔️,✔️,✔️
duh,Dungra Bhil,,,✔️
dun,Dusun Deyah,,,✔️
duq,Dusun Malang,,,✔️
dur,Dii,,,✔️
dus,Dumi,,,✔️
duu,Drung,,,✔️
duv,Duvle,,,✔️
duw,Dusun Witu,,,✔️
dva,Duau,,,✔️
dwa,Diri,,,✔️
dwr,Dawro,✔️,✔️,✔️
dww,Dawawa,,,✔️
dwy,Dhuwaya,,,✔️
dwz,Dewas Rai,,,✔️
dya,Dyan,,,✔️
dyg,"Agta, Villa Viciosa",,,✔️
dyi,"Sénoufo, Djimini",✔️,✔️,✔️
dyo,Jola-Fonyi,✔️,✔️,✔️
dyu,Jula,✔️,✔️,✔️
dza,Tunzuii,,,✔️
dzg,Dazaga,,,✔️
dzl,Dzalakha,,,✔️
dzo,Dzongkha,✔️,✔️,✔️
ebo,Teke-Eboo,,,✔️
ebr,Tchaman,,,✔️
ebu,Kiembu,,,✔️
efi,Efik,,,✔️
ega,Ega,,,✔️
ego,Eggon,,,✔️
eip,Lik,✔️,✔️,✔️
eit,Eitiep,,,✔️
eja,Jola-Felupe,,,✔️
eka,Ekajuk,✔️,✔️,✔️
ekg,Ekari,,,✔️
ekl,Kol,,,✔️
ekp,Ekpeye,,,✔️
ekr,Yace,,,✔️
eky,"Kayah, Eastern",,,✔️
elk,Elkei,,,✔️
ell,Greek,✔️,✔️,✔️
elm,Eleme,,,✔️
ema,Emai-Iuleha-Ora,,,✔️
emb,Embaloh,,,✔️
eme,Tekó,,,✔️
emg,"Mewahang, Eastern",,,✔️
emk,"Maninkakan, Eastern",,,✔️
emn,Eman,,,✔️
emp,"Emberá, Northern",✔️,✔️,✔️
ems,"Yupik, Pacific Gulf",,,✔️
ena,Apal,,,✔️
enb,Markweeta,✔️,✔️,✔️
end,Ende,,,✔️
eng,English,✔️,✔️,✔️
enl,Enlhet,,,✔️
enn,Engenni,,,✔️
enq,Enga,,,✔️
env,Enwan,,,✔️
enx,Enxet,✔️,✔️,✔️
eot,Beti,,,✔️
epi,Epie,,,✔️
epo,Esperanto,✔️,,✔️
erg,Sie,,,✔️
erh,Eruwa,,,✔️
erk,"Efate, South",,,✔️
ert,Eritai,,,✔️
ese,Ese Ejja,✔️,✔️,✔️
esg,"Gondi, Aheri",,,✔️
esh,Eshtehardi,,,✔️
esi,"Inupiatun, North Alaskan",,,✔️
esk,"Inupiatun, Northwest Alaska",,,✔️
ess,"Yupik, Saint Lawrence Island",✔️,✔️,✔️
est,Estonian,✔️,,✔️
esu,"Yupik, Central",,,✔️
etn,Eton,,,✔️
eto,Eton,,,✔️
etr,Edolo,,,✔️
ets,Etsako,,,✔️
etu,Ejagham,,,✔️
etx,Iten,,,✔️
eus,Basque,✔️,✔️,✔️
eve,Even,,,✔️
evn,Evenki,✔️,✔️,✔️
ewe,Éwé,✔️,✔️,✔️
ewo,Ewondo,,,✔️
eyo,Keiyo,,,✔️
eza,Ezaa,✔️,✔️,✔️
eze,Uzekwe,,,✔️
faa,Fasu,,,✔️
fai,Faiwol,,,✔️
fak,Fang,,,✔️
fal,"Fali, South",✔️,✔️,✔️
fan,Fang,,,✔️
fao,Faroese,✔️,✔️,✔️
fap,Paloor,,,✔️
far,Fataleka,✔️,✔️,✔️
fas,Persian,✔️,✔️,✔️
fay,"Fars, Southwestern",,,✔️
fie,Fyer,,,✔️
fij,Fijian,✔️,✔️,✔️
fin,Finnish,✔️,✔️,✔️
fir,Firan,,,✔️
fla,Kalispel-Pend d’Oreille,,,✔️
fli,Fali Muchella,,,✔️
fll,"Fali, North",,,✔️
flr,Fuliiru,✔️,✔️,✔️
fmu,"Muria, Far Western",✔️,✔️,✔️
fod,Foodo,,,✔️
foi,Foi,,,✔️
fon,Fon,✔️,✔️,✔️
for,Fore,,,✔️
fqs,Momu,,,✔️
fra,French,✔️,✔️,✔️
frc,"French, Cajun",,,✔️
frd,Fordata,✔️,✔️,✔️
fry,Frisian,✔️,,✔️
ful,Fulah,✔️,✔️,✔️
fun,Iatê,,,✔️
fut,Futuna-Aniwa,,,✔️
fvr,Fur,,,✔️
fwe,Fwe,,,✔️
gaa,Ga,,,✔️
gab,Gabri,,,✔️
gad,Gaddang,,,✔️
gae,Guarequena,,,✔️
gaf,Gende,,,✔️
gag,Gagauz,"✔️ (script: cyrillic, script: latin)","✔️ (script: cyrillic, script: latin)",✔️
gah,Alekano,,,✔️
gai,Mbore,✔️,✔️,✔️
gaj,Gadsup,,,✔️
gam,Kandawo,✔️,✔️,✔️
gaq,Gata’,,,✔️
gar,Galeya,,,✔️
gas,"Garasia, Adiwasi",,,✔️
gau,"Gadaba, Mudhili",✔️,✔️,✔️
gaw,Nobonob,,,✔️
gbe,Niksek,,,✔️
gbg,Gbanziri,,,✔️
gbh,"Gbe, Defi",,,✔️
gbi,Galela,✔️,✔️,✔️
gbk,Gaddi,✔️,✔️,✔️
gbm,Garhwali,✔️,✔️,✔️
gbn,Mo’da,,,✔️
gbo,"Grebo, Northern",✔️,✔️,✔️
gbr,Gbagyi,,,✔️
gbv,Gbanu,,,✔️
gby,Gbari,,,✔️
gbz,"Dari, Zoroastrian",,,✔️
gcf,Guadeloupean French Creole,,,✔️
gcn,Gaina,,,✔️
gcr,Guianese French Creole,,,✔️
gdb,"Gadaba, Pottangi Ollar",,,✔️
gde,Gude,✔️,✔️,✔️
gdf,Guduf-Gava,,,✔️
gdl,Dirasha,,,✔️
gdn,Umanakaina,,,✔️
gdr,Wipi,,,✔️
gdu,Gudu,,,✔️
gdx,Godwari,,,✔️
gea,Geruma,,,✔️
geb,Kire,✔️,✔️,✔️
gec,"Grebo, Gboloo",,,✔️
ged,Gade,,,✔️
geg,Gengle,,,✔️
gej,Gen,✔️,✔️,✔️
gek,Ywom,,,✔️
gel,ut-Ma’in,,,✔️
gew,Gera,,,✔️
gfk,Patpatar,,,✔️
gga,Gao,,,✔️
ggb,Gbii,,,✔️
ggg,Gurgula,,,✔️
ggu,Gban,,,✔️
ggw,Gogodala,,,✔️
ghe,"Ghale, Southern",,,✔️
ghk,"Karen, Geko",,,✔️
ghl,Ghulfan,,,✔️
ghr,Ghera,,,✔️
ghs,Guhu-Samane,,,✔️
gia,Kija,,,✔️
gid,Gidar,,,✔️
gig,Goaria,,,✔️
gil,Kiribati,✔️,✔️,✔️
gim,Gimi,,,✔️
gis,"Giziga, North",,,✔️
git,Gitxsan,,,✔️
giw,Duoluo,,,✔️
giz,Giziga,,,✔️
gjk,"Koli, Kachi",,,✔️
gjn,Gonja,✔️,✔️,✔️
gju,Gujari,,,✔️
gkn,Gokana,✔️,✔️,✔️
gkp,"Kpelle, Guinea",,,✔️
gla,Scottish Gaelic,,,✔️
gld,Nanai,✔️,✔️,✔️
gle,Irish,✔️,,✔️
glg,Galician,✔️,,✔️
glk,Gilaki,✔️,✔️,✔️
glo,Galambu,,,✔️
glr,Glaro-Twabo,,,✔️
glv,Manx,,,✔️
glw,Glavda,,,✔️
gmb,Gula’alaa,,,✔️
gmm,Gbaya-Mbodomo,,,✔️
gmv,Gamo,✔️,✔️,✔️
gmz,Mgbolizhia,,,✔️
gna,Kaansa,✔️,✔️,✔️
gnb,Gangte,,,✔️
gnd,Zulgo-Gemzek,✔️,✔️,✔️
gng,Ngangam,✔️,✔️,✔️
gni,Gooniyandi,,,✔️
gnk,ǁGana,,,✔️
gnm,Ginuman,,,✔️
gnn,Gumatj,,,✔️
gno,"Gondi, Northern",,,✔️
gnu,Gnau,,,✔️
goa,Guro,,,✔️
gof,Gofa,✔️ (script: latin),✔️ (script: latin),✔️
gog,Gogo,✔️,✔️,✔️
goj,Gowlan,,,✔️
gol,Gola,,,✔️
gom,"Konkani, Goan",,,✔️
gop,Yeretuar,,,✔️
gor,Gorontalo,✔️,✔️,✔️
gou,Gavar,,,✔️
gow,Gorowa,,,✔️
gox,Gobu,,,✔️
goz,Gozarkhani,,,✔️
gpa,Gupa-Abawa,,,✔️
gqa,Ga’anda,,,✔️
gqr,Gor,✔️,✔️,✔️
gra,"Garasia, Rajput",,,✔️
grc,"Greek, Ancient",✔️,✔️,✔️
grd,Guruntum-Mbaaru,,,✔️
grh,Tugbiri-Niragu,,,✔️
gri,Ghari,✔️,✔️,✔️
grj,"Grebo, Southern",,,✔️
grn,Guarani,✔️,✔️,✔️
gro,Groma,,,✔️
grs,Gresi,,,✔️
grt,Garo,✔️,✔️,✔️
gru,Kistane,,,✔️
grv,"Grebo, Central",,,✔️
grx,Muno,,,✔️
gry,"Grebo, Barclayville",,,✔️
gso,"Gbaya, Southwest",✔️,✔️,✔️
gsw,"German, Swiss",,,✔️
gua,Shiki,,,✔️
gub,Guajajára,✔️,✔️,✔️
guc,Wayuu,✔️,✔️,✔️
gud,"Dida, Yocoboué",✔️,✔️,✔️
gue,Gurindji,,,✔️
guh,Guahibo,✔️,✔️,✔️
guj,Gujarati,✔️,✔️,✔️
guk,Gumuz,✔️,✔️,✔️
gul,Sea Island English Creole,,,✔️
gum,Misak,✔️,✔️,✔️
guo,Guayabero,✔️,✔️,✔️
gup,Gunwinggu,,,✔️
guq,Aché,✔️,✔️,✔️
gur,Farefare,,,✔️
gut,Maléku Jaíka,,,✔️
guu,Yanomamö,✔️,✔️,✔️
guw,Gun,,,✔️
gux,Gourmanchéma,✔️,✔️,✔️
guz,Ekegusii,,,✔️
gvc,Wanano,✔️,✔️,✔️
gvf,Golin,,,✔️
gvj,Guajá,,,✔️
gvl,Gulay,✔️,✔️,✔️
gvn,Kuku-Yalanji,,,✔️
gvo,Gavião do Jiparaná,,,✔️
gvp,"Gavião, Pará",,,✔️
gvr,Gurung,,,✔️
gvs,Gumawana,,,✔️
gwa,Mbato,,,✔️
gwd,Ale,,,✔️
gwi,Gwich’in,✔️,✔️,✔️
gwj,ǀGwi,,,✔️
gwn,Gwandara,,,✔️
gwr,Gwere,✔️,✔️,✔️
gww,Kwini,,,✔️
gxx,Wè Southern,,,✔️
gya,"Gbaya, Northwest",,,✔️
gyd,Kayardild,,,✔️
gye,Gyem,,,✔️
gym,Ngäbere,✔️,✔️,✔️
gyr,Guarayu,✔️,✔️,✔️
gyz,Gyaazi,,,✔️
haa,Han,,,✔️
hac,Gurani,,,✔️
had,Hatam,✔️,✔️,✔️
hag,Hanga,✔️,✔️,✔️
hah,Hahon,,,✔️
haj,Hajong,,,✔️
hak,"Chinese, Hakka",✔️,✔️,✔️
hal,Halang,,,✔️
hap,Hupla,✔️,✔️,✔️
haq,Ha,,,✔️
har,Harari,,,✔️
has,Haisla,,,✔️
hat,Haitian Creole,✔️,✔️,✔️
hau,Hausa,✔️,✔️,✔️
hav,Havu,,,✔️
haw,Hawaiian,,,✔️
hay,Haya,✔️,✔️,✔️
haz,Hazaragi,,,✔️
hbb,Nya Huba,,,✔️
hbn,Heiban,,,✔️
hca,Andaman Hindi Creole,,,✔️
hch,Huichol,,,✔️
hdn,"Haida, Northern",,,✔️
hdy,Hadiyya,,,✔️
hea,"Miao, Northern Qiandong",,,✔️
heb,Hebrew,✔️,✔️,✔️
heg,Helong,,,✔️
heh,Hehe,✔️,✔️,✔️
hei,Heiltsuk,,,✔️
her,Herero,,,✔️
hgm,Hai,Khoe,,
hgw,Haigwai,,,✔️
hia,Lamang,,,✔️
hid,Hidatsa,,,✔️
hif,"Hindi, Fiji",✔️,✔️,✔️
hig,Kamwe,✔️,✔️,✔️
hii,Hinduri,,,✔️
hil,Hiligaynon,✔️,✔️,✔️
hin,Hindi,✔️,✔️,✔️
hio,Tshuwau,,,✔️
hix,Hixkaryána,,,✔️
hkk,Hunjara-Kaina Ke,,,✔️
hla,Halia,,,✔️
hlb,Halbi,✔️,✔️,✔️
hld,Halang Doan,,,✔️
hlt,"Chin, Matu",✔️,✔️,✔️
hmb,"Songhay, Humburi Senni",,,✔️
hmd,"Miao, Large Flowery",,,✔️
hmg,"Miao, Southwestern Guiyang",,,✔️
hmj,Ge,,,✔️
hml,"Miao, Luopohe",,,✔️
hmo,"Motu, Hiri",,,✔️
hmr,Hmar,,,✔️
hms,"Miao, Southern Qiandong",,,✔️
hmt,Hamtai,,,✔️
hmw,"Miao, Western Mashan",,,✔️
hmz,Sinicized Miao,,,✔️
hna,Mina,,,✔️
hnd,"Hindko, Southern",,,✔️
hne,Chhattisgarhi,✔️,✔️,✔️
hni,Hani,,,✔️
hnj,Hmong Njua,,,✔️
hnn,Hanunoo,✔️,✔️,✔️
hno,"Hindko, Northern",,,✔️
hns,"Hindustani, Sarnami",✔️,✔️,✔️
hoa,Hoava,,,✔️
hoc,Ho,✔️,✔️,✔️
hoe,Horom,,,✔️
hoj,Haroti,,,✔️
hol,Holu,,,✔️
hoo,Holoholo,,,✔️
hop,Hopi,,,✔️
hot,Malei,,,✔️
how,Honi,,,✔️
hoy,Holiya,✔️,✔️,✔️
hra,Hrangkhol,,,✔️
hre,Hre,,,✔️
hrm,"Miao, Horned",,,✔️
hru,Hruso,,,✔️
hrv,Croatian,✔️,,✔️
hsb,"Sorbian, Upper",✔️,,
hsn,"Chinese, Xiang",,,✔️
hto,"Witoto, Minika",✔️,✔️,✔️
hts,Hadza,,,✔️
hub,Wampís,✔️,✔️,✔️
huc,ǂ’Amkhoe,,,✔️
hue,"Huave, San Francisco del Mar",,,✔️
huf,Humene,,,✔️
huh,Huilliche,,,✔️
hui,Huli,✔️,✔️,✔️
hul,Vula’a,,,✔️
hum,Hungana,,,✔️
hun,Hungarian,✔️,✔️,✔️
hur,Halkomelem,,,✔️
hus,Huastec,"✔️ (dialect: centralveracruz, dialect: westernpotosino)","✔️ (dialect: centralveracruz, dialect: westernpotosino)",✔️
hut,Humla,,,✔️
huu,"Witoto, Murui",✔️,✔️,✔️
huv,"Huave, San Mateo del Mar",✔️,✔️,✔️
hux,"Witoto, Nipode",,,✔️
huz,Hunzib,,,✔️
hve,"Huave, San Dionisio del Mar",,,✔️
hvn,Hawu,✔️,✔️,✔️
hvv,"Huave, Santa María del Mar",,,✔️
hwc,Hawaii Pidgin,✔️,✔️,✔️
hwo,Hwana,,,✔️
hye,Armenian,✔️,,✔️
hyw,"Armenian, Western",✔️,✔️,✔️
iai,Iaai,,,✔️
ian,Iatmul,,,✔️
iar,Purari,,,✔️
iba,Iban,✔️,✔️,✔️
ibb,Ibibio,,,✔️
ibd,Iwaidja,,,✔️
ibg,Ibanag,,,✔️
ibl,Ibaloi,,,✔️
ibo,Igbo,✔️,,✔️
iby,Ibani,,,✔️
ica,Ede Ica,,,✔️
ich,Etkywan,,,✔️
icr,Islander English Creole,✔️,✔️,✔️
ida,Luidakho-Luisukha-Lutirichi,,,✔️
idd,Ede Idaca,✔️,✔️,✔️
idi,Idi,,,✔️
idu,Idoma,,,✔️
ifa,"Ifugao, Amganad",✔️,✔️,✔️
ifb,"Ifugao, Batad",✔️,✔️,✔️
ife,Ifè,✔️,✔️,✔️
ifk,"Ifugao, Tuwali",✔️,✔️,✔️
ifm,Teke-Wuumu,,,✔️
ifu,"Ifugao, Mayoyao",✔️,✔️,✔️
ify,"Kallahan, Keley-i",✔️,✔️,✔️
igb,Ebira,,,✔️
ige,Igede,,,✔️
igl,Igala,,,✔️
ign,Ignaciano,✔️,✔️,✔️
ihp,Iha,,,✔️
iii,Nuosu,,,✔️
ijc,Izon,,,✔️
ijj,Ede Ije,,,✔️
ijn,Kalabari,,,✔️
ijs,"Ijo, Southeast",,,✔️
ike,"Inuktitut, Eastern Canadian",,,✔️
iki,Iko,,,✔️
ikk,Ika,✔️,✔️,✔️
iko,Olulumo-Ikom,,,✔️
ikt,Inuinnaqtun,,,✔️
ikw,Ikwere,,,✔️
ikx,Ik,,,✔️
ilb,Ila,✔️,✔️,✔️
ilk,Bogkalot,,,✔️
ilo,Ilocano,✔️,✔️,✔️
ilp,Iranun,,,✔️
ilu,Ili’uun,,,✔️
imo,Imbongu,✔️,✔️,✔️
ina,Interlingua (International Auxiliary Language Association),✔️,,✔️
inb,Inga,✔️,✔️,✔️
ind,Indonesian,✔️,✔️,✔️
inj,"Inga, Jungle",,,✔️
ino,Inoke-Yate,,,✔️
int,Intha,,,✔️
ior,Inor,,,✔️
iou,Tuma-Irumu,✔️,✔️,✔️
iow,Iowa-Oto,,,✔️
ipi,Ipili,✔️,✔️,✔️
ipo,Ipiko,,,✔️
iqu,Iquitu,,,✔️
iqw,Ikwo,✔️,✔️,✔️
iri,Rigwe,✔️,✔️,✔️
irk,Iraqw,✔️,✔️,✔️
irn,Irántxe,,,✔️
irr,Ir,,,✔️
iru,Irula,,,✔️
irx,Kamberau,,,✔️
iry,Iraya,,,✔️
isd,Isnag,,,✔️
ish,Esan,,,✔️
isi,Nkem-Nkum,,,✔️
isl,Icelandic,✔️,✔️,✔️
isn,Isanzu,,,✔️
iso,Isoko,,,✔️
isu,Isu,,,✔️
ita,Italian,✔️,,✔️
itd,"Tidung, Southern",,,✔️
ite,Itene,,,✔️
iti,"Itneg, Inlaud",,,✔️
itl,Itelmen,✔️,✔️,✔️
ito,Itonama,,,✔️
itr,Yawuno Teneyo,,,✔️
its,Isekiri,,,✔️
itt,"Itneg, Maeng",,,✔️
itv,Itawit,✔️,✔️,✔️
ity,"Itneg, Moyadan",,,✔️
itz,Itza’,,,✔️
ium,Iu Mien,,,✔️
ivb,Ibatan,,,✔️
ivv,Ivatan,,,✔️
iwm,Iwam,,,✔️
iws,"Iwam, Sepik",,,✔️
ixl,Ixil,"✔️ (dialect: sangasparchajul, dialect: sanjuancotzal, dialect: santamarianebaj)","✔️ (dialect: sangasparchajul, dialect: sanjuancotzal, dialect: santamarianebaj)",✔️
iyo,Mesaka,,,✔️
iyx,Yaka,,,✔️
izr,Izere,✔️,✔️,✔️
izz,Izii,✔️,✔️,✔️
jaa,Jamamadí,,,✔️
jab,Hyam,,,✔️
jac,Jakalteko,✔️,✔️,✔️
jad,Jahanka,,,✔️
jae,Yabem,,,✔️
jaf,Jara,,,✔️
jam,Jamaican English Creole,✔️,✔️,✔️
jao,Yanyuwa,,,✔️
jaq,Yaqay,,,✔️
jav,Javanese,✔️,✔️,✔️
jax,"Malay, Jambi",,,✔️
jbj,Arandai,,,✔️
jbm,Bijim,,,✔️
jbu,Jukun Takum,✔️,✔️,✔️
jda,Jad,,,✔️
jdg,Jadgali,,,✔️
jeb,Jebero,,,✔️
jeh,Jeh,,,✔️
jei,Yei,,,✔️
jen,Dza,✔️,✔️,✔️
jer,Jere,,,✔️
jge,Judeo-Georgian,,,✔️
jgk,Gwak,,,✔️
jib,Jibu,,,✔️
jic,Tol,✔️,✔️,✔️
jid,Bu,,,✔️
jig,Jingulu,,,✔️
jio,Jiamao,,,✔️
jit,Jita,,,✔️
jiu,"Jinuo, Youle",,,✔️
jiv,Shuar,✔️,✔️,✔️
jiy,"Jinuo, Buyuan",,,✔️
jkp,"Karen, Paku",,,✔️
jkr,Koro,,,✔️
jku,Labir,,,✔️
jle,Ngile,,,✔️
jma,Dima,,,✔️
jmb,Zumbun,,,✔️
jmc,Machame,✔️,✔️,✔️
jmd,Yamdena,✔️,✔️,✔️
jml,Jumli,,,✔️
jmn,"Naga, Makuri",,,✔️
jmr,Kamara,,,✔️
jms,Mashi,,,✔️
jmx,"Mixtec, Western Juxtlahuaca",,,✔️
jna,Jangshung,,,✔️
jnd,Jandavra,,,✔️
jni,Janji,,,✔️
jnj,Yemsa,,,✔️
jnl,Rawat,,,✔️
jns,Jaunsari,,,✔️
job,Joba,,,✔️
jog,Jogi,,,✔️
jow,Jowulu,,,✔️
jpn,Japanese,✔️,,✔️
jqr,Jaqaru,,,✔️
jra,Jarai,,,✔️
jrt,Jakattoe,,,✔️
jru,Japreria,,,✔️
jub,Wannu,,,✔️
juk,Wapan,,,✔️
jul,Jirel,,,✔️
jum,Jumjum,,,✔️
jun,Juang,✔️,✔️,✔️
juo,Jiba,,,✔️
jup,Hupdë,,,✔️
juy,Juray,✔️,✔️,✔️
jvn,"Javanese, Suriname",✔️,✔️,✔️
jwi,Jwira-Pepesa,,,✔️
jya,Jiarong,,,✔️
kaa,Karakalpak,✔️,✔️,✔️
kab,Amazigh,✔️,✔️,✔️
kac,Jingpho,✔️,✔️,✔️
kad,Adara,,,✔️
kai,Karekare,,,✔️
kaj,Jju,,,✔️
kak,Kalanguya,✔️,✔️,✔️
kal,Greenlandic,,,✔️
kam,Kamba,✔️,,✔️
kan,Kannada,✔️,✔️,✔️
kao,Xaasongaxango,✔️,✔️,✔️
kap,Bezhta,,,✔️
kaq,Capanahua,✔️,✔️,✔️
kas,Kashmiri,,,✔️
kat,Georgian,✔️,,✔️
kay,Kamayurá,✔️,✔️,✔️
kaz,Kazakh,✔️,✔️,✔️
kbb,Kaxuiâna,,,✔️
kbc,Kadiwéu,,,✔️
kbd,Kabardian,,,✔️
kbh,Camsá,,,✔️
kbj,Kari,,,✔️
kbl,Kanembu,,,✔️
kbm,Iwal,,,✔️
kbo,Keliko,✔️,✔️,✔️
kbp,Kabiyè,✔️,✔️,✔️
kbq,Kamano,✔️,✔️,✔️
kbr,Kafa,✔️,✔️,✔️
kbv,Dla,,,✔️
kbx,Ap Ma,,,✔️
kby,"Kanuri, Manga",✔️,✔️,✔️
kbz,Duhwa,,,✔️
kca,Khanty,✔️,✔️,✔️
kcc,Lubila,,,✔️
kcd,"Kanum, Ngkâlmpw",,,✔️
kce,Kaivi,,,✔️
kcf,Ukaan,,,✔️
kcg,Tyap,✔️,✔️,✔️
kch,Vono,,,✔️
kci,Kamantan,,,✔️
kcj,Kobiana,,,✔️
kck,Kalanga,,,✔️
kcl,Kala,,,✔️
kcq,Kamo,,,✔️
kcr,Katla,,,✔️
kcs,Koenoem,,,✔️
kcv,Kete,,,✔️
kcx,Kachama-Ganjule,,,✔️
kdc,Kutu,✔️,✔️,✔️
kdd,Yankunytjatjara,,,✔️
kde,Makonde,✔️,✔️,✔️
kdh,Tem,✔️,✔️,✔️
kdi,Kumam,✔️,✔️,✔️
kdj,Ng’akarimojong,✔️,✔️,✔️
kdl,Tsikimba,✔️,✔️,✔️
kdm,Gyong,,,✔️
kdn,Kunda,✔️,✔️,✔️
kdp,Nikyob-Nindem,,,✔️
kdq,Koch,,,✔️
kdt,Kuay,✔️,✔️,✔️
kdu,Kadaru,,,✔️
kdx,Kam,,,✔️
kdy,Keijar,,,✔️
kdz,Kwaja,,,✔️
kea,Kabuverdianu,✔️,,✔️
keb,Kélé,,,✔️
kee,"Keres, Eastern",,,✔️
kei,Kei,,,✔️
kej,Kadar,,,✔️
kek,Q’eqchi’,✔️,✔️,✔️
kel,Kela,,,✔️
ken,Kenyang,✔️,✔️,✔️
keo,Kakwa,✔️,✔️,✔️
kep,Kaikadi,,,✔️
ker,Kera,✔️,✔️,✔️
keu,Akebu,,,✔️
kev,Kanikkaran,,,✔️
kex,Kukna,,,✔️
key,Kupia,✔️,✔️,✔️
kez,Kukele,✔️,✔️,✔️
kfa,Kodava,,,✔️
kfb,"Kolami, Northwestern",✔️,✔️,✔️
kfc,Konda-Dora,,,✔️
kfd,"Koraga, Korra",,,✔️
kfe,Kota,,,✔️
kff,Koya,✔️ (script: telugu),✔️ (script: telugu),✔️
kfg,Kudiya,,,✔️
kfh,Kurichiya,,,✔️
kfi,"Kurumba, Kannada",,,✔️
kfk,Kinnauri,,,✔️
kfm,Khunsari,,,✔️
kfo,Koro,,,✔️
kfp,Korwa,,,✔️
kfq,Korku,,,✔️
kfr,Kacchi,,,✔️
kft,Kanjari,,,✔️
kfu,Katkari,,,✔️
kfv,Kurmukar,,,✔️
kfw,"Naga, Kharam",✔️,✔️,✔️
kfx,"Pahari, Kullu",✔️,✔️,✔️
kfy,Kumaoni,,,✔️
kfz,Koromfé,,,✔️
kga,Koyaga,,,✔️
kgb,Kawe,,,✔️
kge,Komering,,,✔️
kgj,"Kham, Gamal",,,✔️
kgk,Kaiwá,,,✔️
kgo,Krongo,,,✔️
kgp,Kaingang,,,✔️
kgq,Kamoro,,,✔️
kgr,Abun,,,✔️
kgy,Kyerung,,,✔️
kha,Khasi,,,✔️
khb,Lü,,,✔️
khc,Tukang Besi North,,,✔️
khe,Korowai,,,✔️
khg,"Tibetan, Khams",✔️,✔️,✔️
khj,Kuturmi,,,✔️
khl,Lusi,,,✔️
khm,Khmer,✔️,✔️,✔️
khn,Khandesi,,,✔️
khq,"Songhay, Koyra Chiini",✔️,✔️,✔️
khr,Kharia,,,✔️
khs,Kasua,,,✔️
kht,Khamti,,,✔️
khw,Khowar,,,✔️
khy,Kele,,,✔️
khz,Keapara,,,✔️
kia,Kim,✔️,✔️,✔️
kib,Koalib,,,✔️
kic,Kickapoo,,,✔️
kid,Koshin,,,✔️
kie,Kibet,,,✔️
kif,"Kham, Eastern Parbate",,,✔️
kih,Kilmeri,,,✔️
kij,Kilivila,✔️,✔️,✔️
kik,Gikuyu,✔️,✔️,✔️
kil,Kariya,,,✔️
kin,Kinyarwanda,✔️,✔️,✔️
kio,Kiowa,,,✔️
kip,"Kham, Sheshi",,,✔️
kir,Kyrgyz,✔️,✔️,✔️
kis,Kis,,,✔️
kit,Agob,,,✔️
kiw,"Kiwai, Northeast",,,✔️
kix,"Naga, Khiamniungan",,,✔️
kjb,Q’anjob’al,✔️,✔️,✔️
kjc,"Konjo, Coastal",,,✔️
kjd,"Kiwai, Southern",,,✔️
kje,Kisar,✔️,✔️,✔️
kjg,Khmu,✔️,✔️,✔️
kjh,Khakas,✔️,✔️,✔️
kji,Zabana,,,✔️
kjl,"Kham, Western Parbate",,,✔️
kjo,"Kinnauri, Pahari",,,✔️
kjp,"Karen, Pwo Eastern",,,✔️
kjq,"Keres, Western",,,✔️
kjr,Kurudu,,,✔️
kjs,"Kewapi, East",,,✔️
kjt,"Karen, Phrae Pwo",,,✔️
kkc,Odoodee,,,✔️
kkd,Kinuku,,,✔️
kkf,"Monpa, Kalaktang",,,✔️
kkh,Khün,,,✔️
kki,Kagulu,✔️,✔️,✔️
kkj,Kako,✔️,✔️,✔️
kkk,Kokota,,,✔️
kkn,Kon Keu,,,✔️
kks,Giiwo,,,✔️
kku,Tumi,,,✔️
kky,Guugu Yimidhirr,,,✔️
kkz,Kaska,,,✔️
kla,Klamath-Modoc,,,✔️
kle,Kulung,✔️,✔️,✔️
klg,Tagakaulo,,,✔️
kli,Kalumpang,,,✔️
klk,Kono,,,✔️
klo,Kapya,,,✔️
klq,Rumu,,,✔️
klr,Khaling,,,✔️
kls,Kalasha,,,✔️
klu,Klao,✔️,✔️,✔️
klv,Maskelynes,✔️,✔️,✔️
klw,Tado,✔️,✔️,✔️
klx,Koluwawa,,,✔️
klz,Kabola,,,✔️
kma,Konni,✔️,✔️,✔️
kmb,Kimbundu,,,✔️
kmc,"Dong, Southern",,,✔️
kmd,"Kalinga, Majukayang",✔️,✔️,✔️
kmh,Kalam,,,✔️
kmi,Kami,,,✔️
kmj,Kumarbhag Paharia,,,✔️
kmk,"Kalinga, Limos",,,✔️
kml,"Kalinga, Tanudan",✔️,✔️,✔️
kmm,Kom,,,✔️
kmn,Awtuw,,,✔️
kmo,Kwoma,,,✔️
kmp,Gimme,,,✔️
kmq,Gwama,,,✔️
kmr,"Kurdish, Northern","✔️ (script: arabic, script: cyrillic, script: latin)","✔️ (script: arabic, script: cyrillic, script: latin)",✔️
kms,Kamasau,,,✔️
kmt,Kemtuik,,,✔️
kmu,Kanite,✔️,✔️,✔️
kmw,Komo,,,✔️
kmy,Koma,,,✔️
kmz,Khorasani Turkish,,,✔️
kna,Dera,,,✔️
knb,"Kalinga, Lubuagan",✔️,✔️,✔️
knc,"Kanuri, Yerwa",,,✔️
kne,Kankanaey,✔️,✔️,✔️
knf,Mankanya,✔️,✔️,✔️
kng,Koongo,,,✔️
kni,Kanufi,,,✔️
knj,Akateko,✔️,✔️,✔️
knk,Kuranko,✔️,✔️,✔️
knl,Keninjal,,,✔️
knm,Kanamarí,,,✔️
knn,Konkani,,,✔️
kno,Kono,✔️,✔️,✔️
knp,Kwanja,,,✔️
knt,"Katukína, Panoan",,,✔️
knu,Kono,,,✔️
knv,Tabo,,,✔️
knw,Kung-Ekoka,,,✔️
knx,Kendayan,,,✔️
kny,Kanyok,,,✔️
knz,Kalamsé,,,✔️
kod,Kodi,,,✔️
koe,"Suri, Kacipo-Bale",,,✔️
kof,Kubi,,,✔️
kog,Kogi,✔️,✔️,✔️
koh,Koyo,,,✔️
koi,Komi-Permyak,,,✔️
kol,Kol,,,✔️
kor,Korean,✔️,✔️,✔️
kos,Kosraean,,,✔️
kot,Lagwan,,,✔️
kow,Kugama,,,✔️
kpa,Kutto,,,✔️
kpb,"Kurumba, Mullu",,,✔️
kpc,Curripaco,,,✔️
kph,Kplang,,,✔️
kpj,Karajá,,,✔️
kpk,Kpan,,,✔️
kpl,Kpala,,,✔️
kpm,Koho,,,✔️
kpo,Ikposo,,,✔️
kpq,Korupun-Sela,✔️,✔️,✔️
kpr,Korafe-Yegha,,,✔️
kps,Tehit,✔️,✔️,✔️
kpv,Komi-Zyrian,✔️,✔️,✔️
kpw,Kobon,,,✔️
kpx,"Koiali, Mountain",,,✔️
kpy,Koryak,✔️,✔️,✔️
kpz,Kupsapiiny,✔️,✔️,✔️
kqa,Mum,,,✔️
kqb,Kovai,,,✔️
kqe,Kalagan,✔️,✔️,✔️
kqf,Kakabai,,,✔️
kqi,Koita,,,✔️
kqj,Koromira,,,✔️
kqk,"Gbe, Kotafon",,,✔️
kql,Kyenele,,,✔️
kqm,Khisa,,,✔️
kqn,Kaonde,,,✔️
kqo,"Krahn, Eastern",,,✔️
kqp,Kimré,✔️,✔️,✔️
kqr,Kimaragang,✔️,✔️,✔️
kqs,"Kissi, Northern",,,✔️
kqw,Kandas,,,✔️
kqy,Koorete,✔️,✔️,✔️
kra,Kumal,,,✔️
krc,Karachay-Balkar,✔️,✔️,✔️
krf,Koro,,,✔️
krh,Kurama,,,✔️
kri,Krio,✔️,✔️,✔️
krj,Kinaray-a,✔️,✔️,✔️
krl,Karelian,✔️,✔️,✔️
krn,Sapo,,,✔️
krr,Krung,✔️,✔️,✔️
krs,Gbaya,✔️,✔️,✔️
kru,Kurux,✔️,✔️,✔️
krv,Kavet,,,✔️
krw,"Krahn, Western",,,✔️
krx,Karon,,,✔️
ksa,Shuwa-Zamani,,,✔️
ksb,Shambala,✔️,✔️,✔️
ksd,Kuanua,,,✔️
ksf,Bafia,,,✔️
ksg,Kusaghe,,,✔️
ksj,Uare,,,✔️
ksm,Kumba,,,✔️
ksn,Kasiguranin,,,✔️
ksp,Kabba,,,✔️
ksr,Borong,✔️,✔️,✔️
kss,"Kisi, Southern",✔️,✔️,✔️
kst,Winyé,,,✔️
ksu,Khamyang,,,✔️
ksv,Kusu,,,✔️
ksw,"Karen, S’gaw",,,✔️
ksz,Kodaku,,,✔️
ktb,Kambaata,✔️,✔️,✔️
ktc,Kholok,,,✔️
ktf,Kwami,,,✔️
ktj,"Krumen, Plapo",✔️,✔️,✔️
ktm,Kurti,,,✔️
ktn,Karitiâna,,,✔️
ktp,Kaduo,,,✔️
ktu,Kituba,,,✔️
ktv,"Katu, Eastern",,,✔️
kty,Kango,,,✔️
ktz,Juǀ’hoansi,,,✔️
kua,Oshiwambo,,,✔️
kub,Kutep,✔️,✔️,✔️
kud,’Auhelawa,,,✔️
kue,Kuman,✔️,✔️,✔️
kuh,Kushi,,,✔️
kui,Kuikúro-Kalapálo,,,✔️
kuj,Kuria,,,✔️
kul,Kulere,,,✔️
kum,Kumyk,✔️,✔️,✔️
kun,Kunama,,,✔️
kup,Kunimaipa,,,✔️
kus,Kusaal,✔️,✔️,✔️
kuy,Kuuku-Ya’u,,,✔️
kvb,Kubu,,,✔️
kvd,Kui,,,✔️
kvf,Kabalai,,,✔️
kvg,Kuni-Boazi,,,✔️
kvi,Kwang,,,✔️
kvj,Psikye,,,✔️
kvl,Kayaw,,,✔️
kvm,Kendem,,,✔️
kvn,"Kuna, Border",✔️,✔️,✔️
kvo,Dobel,,,✔️
kvq,"Karen, Geba",,,✔️
kvr,Kerinci,,,✔️
kvt,Lahta,,,✔️
kvu,Yinbaw,,,✔️
kvv,Kola,,,✔️
kvw,Wersing,✔️,✔️,✔️
kvx,"Koli, Parkari",,,✔️
kvy,Yintale,,,✔️
kwa,Dâw,,,✔️
kwb,Kwa,,,✔️
kwc,Likwala,,,✔️
kwd,Kwaio,✔️,✔️,✔️
kwe,Kwerba,,,✔️
kwf,Kwara’ae,✔️,✔️,✔️
kwi,Awa-Cuaiquer,✔️,✔️,✔️
kwj,Kwanga,,,✔️
kwk,Kwakwala,,,✔️
kwl,Kofyar,,,✔️
kwn,Kwangali,,,✔️
kwo,Kwomtari,,,✔️
kwt,Kwesten,,,✔️
kwu,Kwakum,,,✔️
kwv,"Kaba Naa, Sara",,,✔️
kwx,Khirwar,,,✔️
kxb,Krobu,,,✔️
kxc,Konso,✔️,✔️,✔️
kxf,Kawyaw,✔️,✔️,✔️
kxh,Karo,,,✔️
kxj,Kulfa,,,✔️
kxm,"Khmer, Northern",✔️,✔️,✔️
kxn,"Melanau, Kanowit-Tanjong",,,✔️
kxp,"Koli, Wadiyari",,,✔️
kxv,Kuvi,✔️,✔️,✔️
kxw,Konai,,,✔️
kxx,Likuba,,,✔️
kxz,Kerewo,,,✔️
kyb,"Kalinga, Butbut",✔️,✔️,✔️
kyc,Kyaka,✔️,✔️,✔️
kyf,Kouya,✔️,✔️,✔️
kyg,Keyagana,✔️,✔️,✔️
kyh,Karok,,,✔️
kyk,Kamayo,,,✔️
kyo,Klon,✔️,✔️,✔️
kyq,Kenga,✔️,✔️,✔️
kys,"Kayan, Baram",,,✔️
kyu,"Kayah, Western",✔️,✔️,✔️
kyv,Kewat,,,✔️
kyy,Asa’a,,,✔️
kyz,Kayabí,✔️,✔️,✔️
kza,"Karaboro, Western",,,✔️
kzc,"Kulango, Bondoukou",,,✔️
kzf,"Kaili, Da’a",✔️,✔️,✔️
kzi,Kelabit,,,✔️
kzm,Kais,,,✔️
kzq,Kaike,,,✔️
kzr,Karang,,,✔️
kzs,Sugut Dusun,,,✔️
laa,"Subanen, Southern",,,✔️
lac,Lacandon,✔️,✔️,✔️
lad,Ladino,,,✔️
lae,Pattani,,,✔️
lag,Langi,,,✔️
lai,Lambya,,,✔️
laj,Lango,✔️,✔️,✔️
lal,Lalia,,,✔️
lam,Lamba,✔️,✔️,✔️
lan,Laru,,,✔️
lao,Lao,✔️,✔️,✔️
lar,Larteh,,,✔️
las,Lama,✔️,✔️,✔️
lat,Latin,✔️,✔️,✔️
lav,Latvian,✔️,✔️,✔️
law,Lauje,✔️,✔️,✔️
lax,Tiwa,,,✔️
lbe,Lak,,,✔️
lbf,Tinani,,,✔️
lbj,Ladakhi,✔️,✔️,✔️
lbk,"Bontok, Central",,,✔️
lbm,Lodhi,,,✔️
lbn,Rmeet,,,✔️
lbo,Laven,,,✔️
lbq,Wampar,,,✔️
lbw,Tolaki,✔️,✔️,✔️
lbx,Lawangan,,,✔️
lcc,Legenyem,,,✔️
lch,Luchazi,,,✔️
lcm,Tungag,,,✔️
lcp,"Lawa, Western",✔️,✔️,✔️
ldb,Duya,,,✔️
ldg,Lenyima,,,✔️
ldi,Laari,,,✔️
ldj,Lemoro,,,✔️
ldk,Leelau,,,✔️
ldl,Kaan,,,✔️
ldm,Landoma,,,✔️
ldo,Loo,,,✔️
ldp,Tso,,,✔️
ldq,Lufu,,,✔️
lea,Lega-Shabunda,,,✔️
lec,Leco,,,✔️
led,Lendu,,,✔️
lee,Lyélé,✔️,✔️,✔️
lef,Lelemi,✔️,✔️,✔️
lek,Leipon,,,✔️
lel,Lele,,,✔️
lem,Nomaande,✔️,✔️,✔️
lep,Lepcha,,,✔️
leq,Lembena,,,✔️
ler,Lenkau,,,✔️
les,Lese,,,✔️
leu,Kara,,,✔️
lev,"Pantar, Western",,,✔️
lew,"Kaili, Ledo",✔️,✔️,✔️
lex,Luang,✔️,✔️,✔️
lez,Lezgi,,,✔️
lga,Lungga,,,✔️
lgg,Lugbara,✔️,✔️,✔️
lgl,Wala,✔️,✔️,✔️
lgm,Lega-Mwenga,,,✔️
lgq,Logba,,,✔️
lgr,Lengo,,,✔️
lgt,Pahi,,,✔️
lgu,Longgu,,,✔️
lhi,Lahu Shi,,,✔️
lhl,"Lohar, Lahul",,,✔️
lhm,Lhomi,,,✔️
lhp,Lhokpu,,,✔️
lht,Lo-Toga,,,✔️
lhu,Lahu,✔️,✔️,✔️
lia,"Limba, West-Central",✔️,✔️,✔️
lic,Hlai,,,✔️
lid,Nyindrou,✔️,✔️,✔️
lie,Likila,,,✔️
lif,Limbu,✔️,✔️,✔️
lig,Ligbi,,,✔️
lih,Lihir,,,✔️
lik,Lika,,,✔️
lil,Lillooet,,,✔️
lin,Lingala,✔️,,✔️
lip,Sekpele,✔️,✔️,✔️
liq,Libido,,,✔️
lir,Liberian English,,,✔️
lis,Lisu,✔️,✔️,✔️
lit,Lithuanian,✔️,,✔️
liu,Logorik,,,✔️
liw,Col,,,✔️
liz,Libinza,,,✔️
lje,Rampi,✔️,✔️,✔️
ljp,Lampung Api,✔️,✔️,✔️
lkh,Lakha,,,✔️
lki,Laki,,,✔️
lkn,Lakon,,,✔️
lkr,Päri,,,✔️
lkt,Lakota,,,✔️
lky,Lokoya,,,✔️
lla,Lala-Roba,,,✔️
llc,Lele,,,✔️
lle,Lele,,,✔️
llg,Lole,✔️,✔️,✔️
lln,Lele,✔️,✔️,✔️
llp,"Efate, North",,,✔️
llu,Lau,,,✔️
lma,"Limba, East",,,✔️
lmd,Lumun,,,✔️
lme,Pévé,✔️,✔️,✔️
lmg,Lamogai,,,✔️
lmi,Lombi,,,✔️
lmk,Lamkang,,,✔️
lml,Hano,,,✔️
lmn,Lambadi,,,✔️
lmp,Limbum,,,✔️
lmu,Lamenu,,,✔️
lmx,Laimbue,,,✔️
lna,Langbashe,,,✔️
lnd,Lundayeh,✔️,✔️,✔️
lnl,"Banda, South Central",,,✔️
lns,Lamnso’,✔️,✔️,✔️
lnu,Longuda,,,✔️
loa,Loloda,,,✔️
lob,Lobi,✔️,✔️,✔️
loe,Saluan,,,✔️
log,Logo,,,✔️
loh,Narim,,,✔️
lok,Loko,✔️,✔️,✔️
lol,Mongo-Nkundu,,,✔️
lom,Loma,✔️,✔️,✔️
lon,"Lomwe, Malawi",✔️,✔️,✔️
lop,Lopa,,,✔️
loq,Lobala,✔️,✔️,✔️
lor,Téén,,,✔️
los,Loniu,,,✔️
lot,Otuho,,,✔️
loy,Lhowa,,,✔️
loz,Lozi,,,✔️
lpn,"Naga, Long Phuri",,,✔️
lpo,Lipo,,,✔️
lra,"Bakati’, Rara",,,✔️
lrc,"Luri, Northern",,,✔️
lri,Olumarachi,,,✔️
lrl,Lari,,,✔️
lrm,Olumarama,,,✔️
lro,Laro,,,✔️
lse,Lusengo,,,✔️
lsh,Lish,,,✔️
lsi,Lacid,✔️,✔️,✔️
lsm,Saamya-Gwe,✔️,✔️,✔️
lsr,Aruop,,,✔️
lti,Leti,,,✔️
ltz,Luxembourgish,✔️,,✔️
lua,Luba-Kasai,,,✔️
lub,Luba-Katanga,,,✔️
luc,Aringa,✔️,✔️,✔️
lue,Luvale,,,✔️
lug,Ganda,✔️,✔️,✔️
luj,Luna,,,✔️
lum,Luimbi,,,✔️
lun,Lunda,,,✔️
luo,Dholuo,✔️,,✔️
lur,Laura,,,✔️
lus,Mizo,,,✔️
luz,"Luri, Southern",,,✔️
lva,Makuva,,,✔️
lvk,Lavukaleve,,,✔️
lwg,Oluwanga,,,✔️
lwl,"Lawa, Eastern",,,✔️
lwo,Luwo,✔️,✔️,✔️
lww,Lewo,✔️,✔️,✔️
lyg,Lyngngam,,,✔️
lyn,Luyana,,,✔️
lzz,Laz,✔️,✔️,✔️
maa,"Mazatec, San Jerónimo Tecóatl","✔️ (dialect: sanantonio, dialect: sanjeronimo)","✔️ (dialect: sanantonio, dialect: sanjeronimo)",✔️
mab,"Mixtec, Yutanduchi",,,✔️
mad,Madura,✔️,✔️,✔️
mae,Bo-Rukul,,,✔️
maf,Mafa,,,✔️
mag,Magahi,✔️,✔️,✔️
mah,Marshallese,✔️,✔️,✔️
mai,Maithili,✔️,✔️,✔️
maj,"Mazatec, Jalapa de Díaz",✔️,✔️,✔️
mak,Makasar,✔️,✔️,✔️
mal,Malayalam,✔️,✔️,✔️
mam,Mam,"✔️ (dialect: central, dialect: northern, dialect: southern, dialect: western)","✔️ (dialect: central, dialect: northern, dialect: southern, dialect: western)",✔️
maq,"Mazatec, Chiquihuitlán",✔️,✔️,✔️
mar,Marathi,✔️,✔️,✔️
mas,Maasai,,,✔️
mat,"Matlatzinca, San Francisco",,,✔️
mau,"Mazatec, Huautla",,,✔️
mav,Sateré-Mawé,,,✔️
maw,Mampruli,✔️,✔️,✔️
max,"Malay, North Moluccan",,,✔️
maz,"Mazahua, Central",✔️,✔️,✔️
mbb,"Manobo, Western Bukidnon",✔️,✔️,✔️
mbc,Macushi,✔️,✔️,✔️
mbd,"Manobo, Dibabawon",,,✔️
mbf,"Malay, Baba",,,✔️
mbh,Mangseng,✔️,✔️,✔️
mbi,"Manobo, Ilianen",,,✔️
mbj,Nadëb,✔️,✔️,✔️
mbk,Malol,,,✔️
mbl,Maxakalí,,,✔️
mbo,Mbo,,,✔️
mbp,Malayo,,,✔️
mbq,Maisin,,,✔️
mbs,"Manobo, Sarangani",,,✔️
mbt,"Manobo, Matigsalug",✔️,✔️,✔️
mbu,Mbula-Bwazza,✔️,✔️,✔️
mbv,Mbulungish,,,✔️
mbx,Mari,,,✔️
mbz,"Mixtec, Amoltepec",✔️,✔️,✔️
mca,Maka,✔️,✔️,✔️
mcb,Matsigenka,✔️,✔️,✔️
mcc,Bitur,,,✔️
mcd,Sharanahua,✔️,✔️,✔️
mcf,Matses,,,✔️
mch,Maquiritari,,,✔️
mck,Mbunda,,,✔️
mcn,Masana,,,✔️
mco,"Mixe, Coatlán",✔️,✔️,✔️
mcp,Makaa,✔️,✔️,✔️
mcq,Ese,✔️,✔️,✔️
mcr,Menya,,,✔️
mcs,Mambai,,,✔️
mct,Mengisa,,,✔️
mcu,"Mambila, Cameroon",✔️,✔️,✔️
mcw,Mawa,,,✔️
mda,Mada,✔️,✔️,✔️
mdb,Morigi,,,✔️
mdd,Mbum,,,✔️
mde,Maba,,,✔️
mdf,Moksha,✔️,,
mdh,Maguindanaon,,,✔️
mdj,Mangbetu,,,✔️
mdk,Mangbutu,,,✔️
mdm,Mayogo,,,✔️
mdn,Mbati,,,✔️
mdr,Mandar,,,✔️
mds,Maria,,,✔️
mdt,Mbere,,,✔️
mdu,Mboko,,,✔️
mdv,"Mixtec, Santa Lucía Monteverde",✔️,✔️,✔️
mdw,Mbosi,,,✔️
mdy,Male,✔️,✔️,✔️
mea,Menka,,,✔️
med,Melpa,✔️,✔️,✔️
mee,Mengen,✔️,✔️,✔️
mef,Megam,,,✔️
meh,"Mixtec, Southwestern Tlaxiaco",,,✔️
mej,Meyah,✔️,✔️,✔️
mek,Mekeo,,,✔️
men,Mende,✔️,✔️,✔️
mep,Miriwoong,,,✔️
meq,Merey,✔️,✔️,✔️
mer,Kimîîru,,,✔️
met,Mato,✔️,✔️,✔️
meu,Motu,,,✔️
mev,Maan,✔️,✔️,✔️
mey,Hassaniyya,,,✔️
mez,Menominee,,,✔️
mfa,"Malay, Pattani",,,✔️
mfb,Bangka,,,✔️
mfc,Mba,,,✔️
mfd,Mendankwe-Nkwen,,,✔️
mfe,Morisyen,✔️,✔️,✔️
mfg,Mogofin,,,✔️
mfh,Matal,✔️,✔️,✔️
mfi,Wandala,✔️,✔️,✔️
mfj,Mefele,,,✔️
mfk,"Mofu, North",✔️,✔️,✔️
mfl,Putai,,,✔️
mfm,Marghi South,,,✔️
mfn,"Mbembe, Cross River",,,✔️
mfo,Mbe,,,✔️
mfq,Moba,✔️,✔️,✔️
mfv,Mandjak,,,✔️
mfx,Melo,,,✔️
mfy,Mayo,✔️,✔️,✔️
mfz,Mabaan,✔️,✔️,✔️
mgb,Mararit,,,✔️
mgc,Morokodo,,,✔️
mgd,Moru,✔️,✔️,✔️
mge,Mango,✔️,✔️,✔️
mgf,Maklew,,,✔️
mgg,Mpumpong,,,✔️
mgh,Makhuwa-Meetto,✔️,✔️,✔️
mgi,Migili,,,✔️
mgk,Mawes,,,✔️
mgm,Mambae,,,✔️
mgo,Meta’,✔️,✔️,✔️
mgp,"Magar, Eastern",,,✔️
mgq,Malila,,,✔️
mgr,Mambwe-Lungu,,,✔️
mgu,Magi,,,✔️
mgw,Matumbi,,,✔️
mhc,Mocho,,,✔️
mhi,Ma’di,✔️,✔️,✔️
mhk,Mungaka,,,✔️
mhl,Mauwake,,,✔️
mho,Mashi,,,✔️
mhp,"Malay, Balinese",,,✔️
mhr,"Mari, Meadow",✔️,✔️,✔️
mhs,Buru,,,✔️
mhu,Digaro-Mishmi,✔️,✔️,✔️
mhw,Mbukushu,,,✔️
mhx,Lhao Vo,✔️,✔️,✔️
mhy,Ma’anyan,✔️,✔️,✔️
mhz,Mor,,,✔️
mib,"Mixtec, Atatlahuca",✔️,✔️,✔️
mic,Mi’kmaq,,,✔️
mie,"Mixtec, Ocotepec",✔️,✔️,✔️
mif,Mofu-Gudur,✔️,✔️,✔️
mig,"Mixtec, San Miguel el Grande",,,✔️
mih,"Mixtec, Chayuco",✔️,✔️,✔️
mii,"Mixtec, Chigmecatitlán",,,✔️
mij,Mungbam,,,✔️
mil,"Mixtec, Peñoles",✔️,✔️,✔️
mim,"Mixtec, Alacatlatzala",✔️,✔️,✔️
min,Minangkabau,✔️,✔️,✔️
mio,"Mixtec, Pinotepa Nacional",✔️,✔️,✔️
mip,"Mixtec, Apasco-Apoala",✔️,✔️,✔️
miq,Mískito,✔️,✔️,✔️
mir,"Mixe, Isthmus",,,✔️
mit,"Mixtec, Southern Puebla",✔️,✔️,✔️
miu,"Mixtec, Cacaloxtepec",,,✔️
mix,"Mixtec, Mixtepec",,,✔️
miy,"Mixtec, Ayutla",✔️,✔️,✔️
miz,"Mixtec, Coatzospan",✔️,✔️,✔️
mjc,"Mixtec, San Juan Colorado",,,✔️
mjg,Tu,,,✔️
mji,Kim Mun,,,✔️
mjl,Mandeali,✔️,✔️,✔️
mjs,Miship,,,✔️
mjt,Sauria Paharia,,,✔️
mjv,Mannan,✔️,✔️,✔️
mjw,Karbi,,,✔️
mjx,Mahali,,,✔️
mjz,Majhi,,,✔️
mkb,Mal Paharia,,,✔️
mkc,Siliput,,,✔️
mkd,Macedonian,✔️,,✔️
mke,Mawchi,,,✔️
mkf,Miya,,,✔️
mkg,Mak,,,✔️
mki,Dhatki,,,✔️
mkk,Byep,,,✔️
mkl,Mokole,✔️,✔️,✔️
mkn,"Malay, Kupang",✔️,✔️,✔️
mks,"Mixtec, Silacayoapan",,,✔️
mku,"Maninka, Konyanka",,,✔️
mkw,Kituba,,,✔️
mkz,Makasae,,,✔️
mla,Malo,,,✔️
mle,Manambu,,,✔️
mlf,Mal,,,✔️
mlg,Malagasy,✔️,✔️,✔️
mlk,Kiwilwana,,,✔️
mlm,Mulam,,,✔️
mln,Malango,,,✔️
mlq,"Maninkakan, Western",,,✔️
mls,Masalit,,,✔️
mlt,Maltese,✔️,,✔️
mlu,To’abaita,,,✔️
mlv,Mwotlap,,,✔️
mlw,Moloko,,,✔️
mlx,Na’ahai,,,✔️
mma,Mama,,,✔️
mmc,"Mazahua, Michoacán",,,✔️
mmd,Maonan,,,✔️
mme,Mae,,,✔️
mmg,"Ambrym, North",✔️,✔️,✔️
mml,Man Met,,,✔️
mmm,Maii,,,✔️
mmn,Minamanwa,,,✔️
mmp,Siawi,,,✔️
mmx,Madak,,,✔️
mmy,Migaama,,,✔️
mmz,Mabaale,,,✔️
mna,Mbula,,,✔️
mnb,Muna,✔️,✔️,✔️
mne,Naba,,,✔️
mnf,Mundani,✔️,✔️,✔️
mng,"Mnong, Eastern",,,✔️
mnh,Mono,,,✔️
mni,Meitei,,,✔️
mnk,Mandinka,✔️,✔️,✔️
mnl,Tiale,,,✔️
mnm,Mapena,,,✔️
mnp,"Chinese, Min Bei",,,✔️
mnu,Mer,,,✔️
mnv,Rennell-Bellona,,,✔️
mnw,Mon,✔️,✔️,✔️
mnx,Sougb,✔️,✔️,✔️
mnz,Moni,,,✔️
moa,Mwan,✔️,✔️,✔️
moc,Mocoví,,,✔️
moe,Innu,,,✔️
mog,Mongondow,✔️,✔️,✔️
moh,Mohawk,,,✔️
moi,Mboi,,,✔️
moj,Monzombo,,,✔️
mon,Mongolian,✔️,✔️,✔️
mop,"Maya, Mopán",✔️,✔️,✔️
mor,Moro,✔️,✔️,✔️
mos,Mòoré,✔️,✔️,✔️
mot,Barí,,,✔️
mov,Mohave,,,✔️
mox,Molima,✔️,✔️,✔️
moy,Shekkacho,,,✔️
moz,Mukulu,✔️,✔️,✔️
mpc,Mangarrayi,,,✔️
mpd,Machinere,,,✔️
mpg,Marba,✔️,✔️,✔️
mph,Maung,,,✔️
mpj,Martu Wangka,,,✔️
mpm,"Mixtec, Yosondúa",✔️,✔️,✔️
mpn,Mindiri,,,✔️
mpp,Migabac,✔️,✔️,✔️
mpq,Matís,,,✔️
mpr,Vangunu,,,✔️
mps,Dadibi,,,✔️
mpt,Mian,,,✔️
mpx,Misima-Panaeati,✔️,✔️,✔️
mqb,Mbuko,✔️,✔️,✔️
mqf,Momuna,✔️,✔️,✔️
mqg,"Malay, Kota Bangun Kutai",,,✔️
mqh,"Mixtec, Tlazoyaltepec",,,✔️
mqj,Mamasa,✔️,✔️,✔️
mql,Mbelime,,,✔️
mqn,Moronene,✔️,✔️,✔️
mqu,Mandari,,,✔️
mqx,Mamuju,,,✔️
mqz,Pano,,,✔️
mrd,"Magar, Western",,,✔️
mrf,Elseng,,,✔️
mrg,Mising,,,✔️
mrh,"Chin, Mara",,,✔️
mri,Maori,✔️,,✔️
mrj,"Mari, Hill",,,✔️
mrm,Mwerlap,,,✔️
mrn,Cheke Holo,,,✔️
mro,Mru,,,✔️
mrp,Morouas,,,✔️
mrq,"Marquesan, North",,,✔️
mrr,Maria,,,✔️
mrt,Marghi Central,,,✔️
mrw,Maranao,✔️,✔️,✔️
mrz,Marind,,,✔️
msc,"Maninka, Sankaran",,,✔️
mse,Musey,,,✔️
msg,Moraid,,,✔️
msi,"Malay, Sabah",,,✔️
msk,Mansaka,,,✔️
msl,Molof,,,✔️
msm,"Manobo, Agusan",,,✔️
msn,Vurës,,,✔️
msw,Mansoanka,,,✔️
msy,Aruamu,✔️,✔️,✔️
mta,"Manobo, Cotabato",,,✔️
mtb,Anyin Morofo,,,✔️
mtd,Mualang,✔️,✔️,✔️
mte,Mono,,,✔️
mtf,Murik,,,✔️
mtg,Una,,,✔️
mti,Maiwa,,,✔️
mtj,Moskona,✔️,✔️,✔️
mtk,Mbo’,,,✔️
mtl,Tehl,,,✔️
mto,"Mixe, Totontepec",✔️,✔️,✔️
mtp,Weenhayek,,,✔️
mtq,Muong,,,✔️
mtr,Mewari,,,✔️
mtt,Mota,,,✔️
mtu,"Mixtec, Tututepec",,,✔️
mua,Mundang,,,✔️
mug,Musgu,,,✔️
muh,Mündü,✔️,✔️,✔️
mui,Musi,,,✔️
muk,Mugom,,,✔️
mum,Maiwala,,,✔️
muo,Mubako,,,✔️
mup,Malvi,✔️,✔️,✔️
mur,Murle,✔️,✔️,✔️
mus,Muskogee,,,✔️
mut,"Muria, Western",,,✔️
muv,Muthuvan,✔️,✔️,✔️
muy,Muyang,✔️,✔️,✔️
muz,Mursi,,,✔️
mve,Marwari,,,✔️
mvg,"Mixtec, Yucuañe",,,✔️
mvn,Minaveha,,,✔️
mvo,Marovo,,,✔️
mvp,Duri,✔️,✔️,✔️
mvv,"Murut, Tahol",,,✔️
mvz,Mesqan,,,✔️
mwa,Mwatebu,,,✔️
mwc,Are,,,✔️
mwe,Mwera,,,✔️
mwf,Murrinh-Patha,,,✔️
mwg,Aiklep,,,✔️
mwm,Sar,,,✔️
mwn,Nyamwanga,,,✔️
mwp,Kala Lagaw Ya,,,✔️
mwq,"Chin, Müün",✔️,✔️,✔️
mwt,Moken,,,✔️
mwv,Mentawai,✔️,✔️,✔️
mww,Hmong Daw,,,✔️
mxa,"Mixtec, Northwest Oaxaca",,,✔️
mxb,"Mixtec, Tezoatlán",✔️,✔️,✔️
mxd,Modang,,,✔️
mxe,Mele-Fila,,,✔️
mxh,Mvuba,,,✔️
mxj,Miju-Mishmi,,,✔️
mxl,"Gbe, Maxi",,,✔️
mxm,Meramera,,,✔️
mxn,Moi,,,✔️
mxp,"Mixe, Tlahuitoltepec",,,✔️
mxq,"Mixe, Juquila",✔️,✔️,✔️
mxs,"Mixtec, Huitepec",,,✔️
mxt,"Mixtec, Jamiltepec",✔️,✔️,✔️
mxu,Mada,,,✔️
mxv,"Mixtec, Metlatónoc",✔️,✔️,✔️
mxx,Mahou,,,✔️
mxy,"Mixtec, Southeastern Nochixtlán",,,✔️
mya,Burmese,✔️,✔️,✔️
myb,Mbay,✔️,✔️,✔️
mye,Myene,,,✔️
myk,"Sénoufo, Mamara",✔️,✔️,✔️
myl,Moma,✔️,✔️,✔️
mym,Me’en,,,✔️
myp,Pirahã,,,✔️
myu,Mundurukú,,,✔️
myv,Erzya,✔️,✔️,✔️
myw,Muyuw,,,✔️
myx,Masaaba,✔️,✔️,✔️
myy,Macuna,✔️,✔️,✔️
mza,"Mixtec, Santa María Zacatepec",✔️,✔️,✔️
mzb,Tumzabt,,,✔️
mzi,"Mazatec, Ixcatlán",✔️,✔️,✔️
mzj,Manya,✔️,✔️,✔️
mzk,"Mambila, Nigeria",✔️,✔️,✔️
mzl,"Mixe, Mazatlán",,,✔️
mzm,Mumuye,✔️,✔️,✔️
mzn,Mazandarani,,,✔️
mzp,Movima,,,✔️
mzq,Mori Atas,,,✔️
mzr,Marubo,,,✔️
mzv,Mandja,,,✔️
mzw,Deg,✔️,✔️,✔️
mzz,Maiadomu,,,✔️
nab,"Nambikuára, Southern",✔️,✔️,✔️
nac,Narak,,,✔️
nag,Nagamese,✔️,✔️,✔️
naj,Nalu,,,✔️
nak,Nakanai,,,✔️
nal,Nalik,,,✔️
nan,"Chinese, Min Nan",✔️,✔️,✔️
nao,Naaba,,,✔️
nap,Napoletano-Calabrese,,,✔️
naq,Khoekhoe,,,✔️
nar,Iguta,,,✔️
nas,Naasioi,✔️,✔️,✔️
nat,Cahungwarya,,,✔️
nau,Nauruan,,,✔️
nav,Navajo,,,✔️
naw,Nawuri,✔️,✔️,✔️
nba,Nyemba,,,✔️
nbb,Ndoe,,,✔️
nbc,"Naga, Chang",,,✔️
nbe,"Naga, Konyak",,,✔️
nbh,Ngamo,,,✔️
nbi,"Naga, Mao",,,✔️
nbl,Ndebele,,,✔️
nbm,Ngbaka Ma’bo,,,✔️
nbn,Kuri,,,✔️
nbp,Nnam,,,✔️
nbq,Nggem,,,✔️
nbr,Numana,,,✔️
nbu,"Naga, Rongmei",,,✔️
nbv,Ngamambo,,,✔️
nbw,"Ngbandi, Southern",,,✔️
nca,Iyo,✔️,✔️,✔️
ncb,"Nicobarese, Central",,,✔️
nce,Yale,,,✔️
ncf,Notsi,,,✔️
ncg,Nisga’a,,,✔️
nch,"Nahuatl, Central Huasteca",✔️,✔️,✔️
ncj,"Nahuatl, Northern Puebla",✔️,✔️,✔️
ncl,"Nahuatl, Michoacán",✔️,✔️,✔️
ncm,Nambo,,,✔️
nco,Sibe,,,✔️
ncq,"Katang, Northern",,,✔️
ncr,Nchane,,,✔️
ncu,Chumburung,✔️,✔️,✔️
ndb,Kenswei Nsei,,,✔️
ndc,Ndau,,,✔️
ndd,Nde-Nsele-Nta,,,✔️
nde,Ndebele,,,✔️
ndh,Ndali,,,✔️
ndi,Samba Leko,,,✔️
ndj,Ndamba,✔️,✔️,✔️
ndm,Ndam,,,✔️
ndo,Ndonga,,,✔️
ndp,Kebu,✔️,✔️,✔️
ndr,Ndoola,,,✔️
nds,"Saxon, Low",,,✔️
ndu,Dugun,,,✔️
ndv,Ndut,✔️,✔️,✔️
ndx,Nduga,,,✔️
ndy,Lutos,✔️,✔️,✔️
ndz,Ndogo,✔️,✔️,✔️
neb,Toura,✔️,✔️,✔️
nen,Nengone,,,✔️
neq,"Mixe, North Central",,,✔️
ner,Yahadian,,,✔️
nes,"Kinnauri, Bhoti",,,✔️
nev,Nyaheun,,,✔️
new,Newar,✔️,✔️,✔️
ney,Neyo,,,✔️
nez,Nez Perce,,,✔️
nfa,Dhao,✔️,✔️,✔️
nfd,Ahwai,,,✔️
nfl,Äiwoo,,,✔️
nfr,Nafaanra,✔️,✔️,✔️
nfu,Mfumte,,,✔️
nga,Ngbaka,✔️,✔️,✔️
ngb,"Ngbandi, Northern",,,✔️
ngc,Ngombe,,,✔️
nge,Ngemba,,,✔️
ngi,Ngizim,,,✔️
ngj,Ngie,,,✔️
ngl,Lomwe,✔️,✔️,✔️
ngn,Ngwo,,,✔️
ngp,Ngulu,✔️,✔️,✔️
ngs,Gvoko,,,✔️
ngt,Kriang,,,✔️
ngu,"Nahuatl, Guerrero",✔️,✔️,✔️
ngw,Ngwaba,,,✔️
ngz,Ngungwel,,,✔️
nhb,Beng,,,✔️
nhe,"Nahuatl, Eastern Huasteca",✔️,✔️,✔️
nhg,"Nahuatl, Tetelcingo",,,✔️
nhi,"Nahuatl, Zacatlán-Ahuacatlán-Tepetzintla",✔️,✔️,✔️
nhn,"Nahuatl, Central",,,✔️
nhp,"Nahuatl, Isthmus-Pajapan",,,✔️
nhr,Naro,,,✔️
nhu,Noone,✔️,✔️,✔️
nhv,"Nahuatl, Temascaltepec",,,✔️
nhw,"Nahuatl, Western Huasteca",✔️,✔️,✔️
nhx,"Nahuatl, Isthmus-Mecayapan",✔️,✔️,✔️
nhy,"Nahuatl, Northern Oaxaca",✔️,✔️,✔️
nhz,"Nahuatl, Santa María la Alta",,,✔️
nia,Nias,✔️,✔️,✔️
nid,Ngandi,,,✔️
nih,"Nyiha, Tanzania",,,✔️
nii,Nii,,,✔️
nij,Ngaju,✔️,✔️,✔️
nil,Nila,,,✔️
nim,Nilamba,✔️,✔️,✔️
nin,Ninzo,✔️,✔️,✔️
niq,Nandi,,,✔️
nir,Nimboran,,,✔️
nit,"Kolami, Southeastern",,,✔️
niu,Niue,,,✔️
niw,Nimo,,,✔️
nix,Hema,,,✔️
niy,Ngiti,,,✔️
nja,Nzanyi,,,✔️
njb,"Naga, Nocte",,,✔️
njh,"Naga, Lotha",,,✔️
njj,Njen,,,✔️
njm,"Naga, Angami",,,✔️
njo,"Naga, Ao",,,✔️
njs,Nisa,,,✔️
njz,Nyishi,,,✔️
nka,Nkoya,,,✔️
nkb,"Naga, Khoibu",,,✔️
nke,Duke,,,✔️
nkh,"Naga, Khezha",,,✔️
nko,Nkonya,✔️,✔️,✔️
nku,"Kulango, Bouna",,,✔️
nkw,Nkutu,,,✔️
nkx,Nkoroo,,,✔️
nlc,Nalca,✔️,✔️,✔️
nld,Dutch,✔️,✔️,✔️
nlg,Gela,✔️,✔️,✔️
nlj,Nyali,,,✔️
nlk,"Yali, Ninia",✔️,✔️,✔️
nlo,Ngul,,,✔️
nlu,Nchumbulu,,,✔️
nlv,"Nahuatl, Orizaba",,,✔️
nlx,Nahali,,,✔️
nma,"Naga, Maram",,,✔️
nmb,V’ënen Taut,,,✔️
nmc,Ngam,,,✔️
nmf,"Naga, Tangkhul",,,✔️
nmh,"Naga, Monsang",,,✔️
nmi,Nyam,,,✔️
nmk,Namakura,,,✔️
nmm,Nyeshangte,,,✔️
nmn,!Xóõ,,,✔️
nmo,"Naga, Moyon",,,✔️
nms,Letemboi,,,✔️
nmz,Nawdm,✔️,✔️,✔️
nna,Nyangumarta,,,✔️
nnb,Nande,✔️,✔️,✔️
nnc,Nancere,,,✔️
nnd,"Ambae, West",,,✔️
nng,"Naga, Maring",,,✔️
nnh,Ngiemboon,,,✔️
nni,"Nuaulu, North",,,✔️
nnj,Nyangatom,,,✔️
nnm,Namia,,,✔️
nno,Norwegian Nynorsk,✔️,,✔️
nnp,"Naga, Wancho",,,✔️
nnq,Ngindo,✔️,✔️,✔️
nnu,Dwang,,,✔️
nnw,"Nuni, Southern",✔️,✔️,✔️
nnz,Nda’nda’,,,✔️
noa,Woun Meu,✔️,✔️,✔️
nob,Norwegian Bokmål,✔️,,✔️
nod,"Thai, Northern",✔️,✔️,✔️
noe,Nimadi,,,✔️
nof,Nomane,,,✔️
nog,Nogai,✔️,✔️,✔️
noi,Noiri,,,✔️
nos,"Nisu, Eastern",,,✔️
not,Nomatsigenga,✔️,✔️,✔️
nou,Ewage-Notu,,,✔️
noz,Nayi,,,✔️
npb,Nupbikha,,,✔️
nph,"Naga, Phom",,,✔️
npi,Nepali,✔️,,✔️
npl,"Nahuatl, Southeastern Puebla",✔️,✔️,✔️
npy,Napu,✔️,✔️,✔️
nqg,"Nago, Southern",,,✔️
nqt,Nteng,,,✔️
nqy,"Naga, Akyaung Ari",,,✔️
nre,"Naga, Southern Rengma",,,✔️
nrf,Guernésiais,,,✔️
nrg,Narango,,,✔️
nri,"Naga, Chokri",,,✔️
nsa,"Naga, Sangtam",,,✔️
nse,Nsenga,,,✔️
nsk,Naskapi,,,✔️
nsm,"Naga, Sumi",,,✔️
nso,"Sotho, Northern",✔️,,✔️
nst,"Naga, Tangshang",✔️,✔️,✔️
nsu,"Nahuatl, Sierra Negra",✔️,✔️,✔️
nti,Natioro,,,✔️
ntj,Ngaanyatjarra,,,✔️
ntk,Ikoma-Nata-Isenye,,,✔️
ntm,Nateni,✔️,✔️,✔️
nto,Ntomba,,,✔️
ntp,"Tepehuan, Northern",,,✔️
ntr,Delo,✔️,✔️,✔️
ntu,Natügu,,,✔️
nud,Gala,,,✔️
nuf,Nusu,,,✔️
nuj,Nyole,✔️,✔️,✔️
nuk,Nuu-chah-nulth,,,✔️
nun,Anong,,,✔️
nuo,Nguôn,,,✔️
nup,Nupe-Nupe-Tako,,,✔️
nuq,Nukumanu,,,✔️
nus,Nuer,✔️,✔️,✔️
nut,Nung,,,✔️
nux,Mehek,,,✔️
nuy,Nunggubuyu,,,✔️
nuz,"Nahuatl, Tlamacazapa",✔️,✔️,✔️
nwb,Nyabwa,✔️,✔️,✔️
nwi,"Tanna, Southwest",,,✔️
nwm,Nyamusa-Molo,,,✔️
nxa,Nauete,,,✔️
nxd,Ngando,,,✔️
nxg,Ngad’a,,,✔️
nxk,"Naga, Kokak",,,✔️
nxq,Naxi,✔️,✔️,✔️
nxr,Ninggerum,,,✔️
nya,Chichewa,✔️,✔️,✔️
nyb,Nyangbo,,,✔️
nyd,Olunyole,,,✔️
nyf,Kigiryama,✔️,✔️,✔️
nyg,Nyindu,,,✔️
nyh,Nyikina,,,✔️
nyi,Ama,,,✔️
nyj,Nyanga,,,✔️
nyk,Nyaneka,,,✔️
nym,Nyamwezi,,,✔️
nyn,Nyankore,✔️,✔️,✔️
nyo,Nyoro,✔️,✔️,✔️
nyq,Nayini,,,✔️
nys,Nyungar,,,✔️
nyu,Nyungwe,,,✔️
nyw,Nyaw,,,✔️
nyy,Nyakyusa-Ngonde,✔️,✔️,✔️
nza,"Mbembe, Tigon",,,✔️
nzb,Njebi,,,✔️
nzi,Nzema,✔️,✔️,✔️
nzk,Nzakara,,,✔️
nzm,"Naga, Zeme",,,✔️
nzy,Nzakambay,,,✔️
obo,"Manobo, Obo",✔️,✔️,✔️
oci,Occitan,✔️,,✔️
ocu,"Matlatzinca, Atzingo",,,✔️
odk,Oadki,,,✔️
odu,Odual,,,✔️
ofu,Efutop,,,✔️
ogb,Ogbia,,,✔️
ogc,Ogbah,,,✔️
ogg,Ogbogolo,,,✔️
ogo,Khana,,,✔️
oia,Oirata,,,✔️
ojb,"Ojibwa, Northwestern","✔️ (script: latin, script: syllabics)","✔️ (script: latin, script: syllabics)",✔️
oka,Okanagan,,,✔️
oke,Okpe,,,✔️
okh,Koresh-e Rostam,,,✔️
oki,Okiek,,,✔️
okr,Kirike,,,✔️
oks,Oko-Eni-Osayen,,,✔️
oku,Oku,✔️,✔️,✔️
okv,Orokaiva,,,✔️
okx,Okpe,,,✔️
ola,Walungge,,,✔️
old,Mochi,✔️,✔️,✔️
olu,Kuvale,,,✔️
oma,Omaha-Ponca,,,✔️
omi,Omi,,,✔️
omw,"Tairora, South",✔️,✔️,✔️
onb,Lingao,✔️,✔️,✔️
one,Oneida,,,✔️
ong,Olo,,,✔️
oni,Onin,,,✔️
onj,Onjob,,,✔️
onn,Onobasulu,,,✔️
ono,Onondaga,,,✔️
onp,Sartang,,,✔️
onr,"One, Northern",,,✔️
ont,Ontenu,,,✔️
ood,Tohono O’odham,✔️,✔️,✔️
opa,Okpamheri,,,✔️
ore,Maijuna,,,✔️
org,Oring,,,✔️
orh,Oroqen,,,✔️
orm,Oromo,✔️,✔️,✔️
oro,Orokolo,,,✔️
ors,Orang Seletar,,,✔️
ort,"Oriya, Adivasi",,,✔️
orx,Oro,,,✔️
ory,Odia,✔️,✔️,✔️
orz,Ormu,,,✔️
osi,Osing,,,✔️
oso,Ososo,,,✔️
oss,Ossetic,✔️,✔️,✔️
ost,Osatu,,,✔️
otd,Ot Danum,,,✔️
ote,"Otomi, Mezquital",✔️,✔️,✔️
otm,"Otomi, Eastern Highland",,,✔️
otn,"Otomi, Tenango",,,✔️
otq,"Otomi, Querétaro",✔️,✔️,✔️
otr,Otoro,,,✔️
ots,"Otomí, Estado de México",,,✔️
ott,"Otomi, Temoaya",,,✔️
otx,"Otomi, Texcatepec",,,✔️
oub,Glio-Oubi,,,✔️
owi,Owiniga,,,✔️
oyb,Oy,,,✔️
oyd,Oyda,,,✔️
oym,Wayampi,,,✔️
ozm,Koonzime,✔️,✔️,✔️
pab,Parecís,✔️,✔️,✔️
pac,Pacoh,,,✔️
pad,Paumarí,✔️,✔️,✔️
pae,Pagibete,,,✔️
pag,Pangasinan,✔️,✔️,✔️
pah,Tenharim,,,✔️
pai,Pye,,,✔️
pak,Parakanã,,,✔️
pam,Kapampangan,✔️,✔️,✔️
pan,"Punjabi, Eastern",✔️,✔️,✔️
pao,"Paiute, Northern",✔️,✔️,✔️
pap,Papiamentu,✔️,✔️,✔️
pau,Palauan,✔️,✔️,✔️
pav,Pakaásnovos,,,✔️
pay,Pech,,,✔️
pbb,Nasa,✔️,✔️,✔️
pbc,Patamona,✔️,✔️,✔️
pbg,Paraujano,,,✔️
pbi,Parkwa,✔️,✔️,✔️
pbl,Mak,,,✔️
pbm,"Mazatec, Puebla and Northeastern",,,✔️
pbn,Kpasham,,,✔️
pbo,Papel,,,✔️
pbp,Badyara,,,✔️
pbs,"Pame, Central",,,✔️
pbv,Pnar,,,✔️
pca,"Popoloca, Santa Inés Ahuatempan",,,✔️
pcb,Pear,,,✔️
pcc,Bouyei,,,✔️
pce,"Palaung, Ruching",✔️,✔️,✔️
pcf,Paliyan,,,✔️
pcg,Paniya,,,✔️
pch,Pardhan,,,✔️
pci,Duruwa,,,✔️
pcj,Parenga,,,✔️
pck,"Chin, Paite",,,✔️
pcl,Pardhi,,,✔️
pcm,"Pidgin, Nigerian",✔️,✔️,✔️
pcn,Abishi,,,✔️
pdc,"German, Pennsylvania",,,✔️
pdn,Fedan,,,✔️
pdo,Padoe,,,✔️
pdt,Plautdietsch,,,✔️
pdu,Kayan,,,✔️
peb,"Pomo, Eastern",,,✔️
peg,Pengo,✔️,✔️,✔️
pei,Chichimeco-Jonaz,,,✔️
pek,Penchal,,,✔️
pem,Phende,,,✔️
pex,Petats,,,✔️
pez,"Penan, Eastern",✔️,✔️,✔️
pfe,Pere,,,✔️
pgg,Pangwali,,,✔️
pha,Pa-Hng,,,✔️
phk,Phake,,,✔️
phl,Palula,,,✔️
phq,Phana’,,,✔️
phr,Pahari-Potwari,,,✔️
pht,Phu Thai,,,✔️
pia,Pima Bajo,,,✔️
pib,Yine,✔️,✔️,✔️
pic,Pinji,,,✔️
pid,Piaroa,,,✔️
pih,Pitcairn-Norfolk,,,✔️
pil,Yom,✔️,✔️,✔️
pio,Piapoco,,,✔️
pip,Pero,,,✔️
pir,Piratapuyo,✔️,✔️,✔️
pis,Pijin,✔️,✔️,✔️
piu,Pintupi-Luritja,,,✔️
piy,Piya-Kwonci,,,✔️
pjt,Pitjantjatjara,✔️,✔️,✔️
pkb,Kipfokomo,✔️,✔️,✔️
pkg,Pak-Tong,,,✔️
pkh,Pangkhua,,,✔️
pko,Pökoot,,,✔️
pkr,"Kurumba, Attapady",,,✔️
pkt,Maleng,,,✔️
pku,Paku,,,✔️
plc,"Palawano, Central",,,✔️
plg,Pilagá,,,✔️
plj,Polci,,,✔️
plk,"Shina, Kohistani",,,✔️
pll,"Palaung, Shwe",,,✔️
pln,Palenquero,,,✔️
plr,"Sénoufo, Palaka",,,✔️
pls,"Popoloca, San Marcos Tlacoyalco",✔️,✔️,✔️
plu,Palikúr,,,✔️
plv,"Palawano, Southwest",,,✔️
plw,"Palawano, Brooke’s Point",✔️,✔️,✔️
pma,Paama,,,✔️
pmf,Pamona,✔️,✔️,✔️
pmi,"Pumi, Northern",,,✔️
pmj,"Pumi, Southern",,,✔️
pmm,Pol,,,✔️
pmq,"Pame, Northern",,,✔️
pmx,"Naga, Poumai",,,✔️
pmy,"Malay, Papuan",,,✔️
pnb,"Punjabi, Western",,,✔️
pnc,Pannei,,,✔️
pne,"Penan, Western",,,✔️
png,Pangu,,,✔️
pnq,Pana,,,✔️
pnu,"Bunu, Jiongnai",,,✔️
pny,Pinyin,✔️,✔️,✔️
pnz,Pana,,,✔️
poc,Poqomam,,,✔️
poe,"Popoloca, San Juan Atzingo",,,✔️
pof,Poke,,,✔️
poh,Poqomchi’,"✔️ (dialect: eastern, dialect: western)","✔️ (dialect: eastern, dialect: western)",✔️
poi,"Popoluca, Highland",✔️,✔️,✔️
pol,Polish,✔️,✔️,✔️
pon,Pohnpeian,,,✔️
poo,"Pomo, Central",,,✔️
por,Portuguese,✔️,✔️,✔️
pos,"Popoluca, Sayula",,,✔️
pot,Potawatomi,,,✔️
pov,Guinea-Bissau Creole,,,✔️
pow,"Popoloca, San Felipe Otlaltepec",,,✔️
poy,Pogolo,✔️,✔️,✔️
ppi,Paipai,,,✔️
ppk,Uma,✔️,✔️,✔️
ppl,Nahuat,,,✔️
ppm,Papuma,,,✔️
ppo,Folopa,,,✔️
ppq,Pefiyahe,,,✔️
pps,"Popoloca, San Luís Temalacayuca",✔️,✔️,✔️
ppt,Pa,,,✔️
pqa,Pa’a,,,✔️
pqm,Malecite-Passamaquoddy,,,✔️
prc,Parachi,,,✔️
prf,Paranan,✔️,✔️,✔️
pri,Paicî,,,✔️
prk,"Wa, Parauk",✔️,✔️,✔️
prm,Kibiri,,,✔️
prp,Parsi,,,✔️
prt,Prai,✔️,✔️,✔️
pru,Puragi,,,✔️
prx,Purig,,,✔️
psa,"Awyu, Asue",,,✔️
pse,"Malay, Central",✔️,✔️,✔️
psh,"Pashai, Southwest",,,✔️
psi,"Pashai, Southeast",,,✔️
psn,Panasuan,,,✔️
pss,Kaulong,✔️,✔️,✔️
psw,Port Sandwich,,,✔️
pta,Pai Tavytera,,,✔️
ptu,Bambam,✔️,✔️,✔️
pua,"Purepecha, Western Highland",,,✔️
puc,Punan Merap,,,✔️
pud,Punan Aput,,,✔️
pug,Phuie,,,✔️
pui,Puinave,✔️,✔️,✔️
pum,Puma,,,✔️
puo,Puoc,,,✔️
pus,Pushto,✔️,,✔️
puu,Punu,,,✔️
pwa,Pawaia,,,✔️
pwb,Panawa,,,✔️
pwg,Gapapaiwa,✔️,✔️,✔️
pwm,Molbog,,,✔️
pwn,Paiwan,,,✔️
pwo,"Karen, Pwo Western",,,✔️
pwr,Powari,,,✔️
pww,"Karen, Pwo Northern",✔️,✔️,✔️
pxm,"Mixe, Quetzaltepec",✔️,✔️,✔️
pym,Pyam,,,✔️
pyu,Puyuma,,,✔️
qub,"Quechua, Huallaga",✔️,✔️,✔️
quc,K’iche’,"✔️ (dialect: central, dialect: east, dialect: north)","✔️ (dialect: central, dialect: east, dialect: north)",✔️
qud,"Quichua, Calderón Highland",,,✔️
quf,"Quechua, Lambayeque",✔️,✔️,✔️
qug,"Quichua, Chimborazo Highland",,,✔️
quh,"Quechua, South Bolivian",✔️,✔️,✔️
qui,Quileute,,,✔️
qul,"Quechua, North Bolivian",✔️,✔️,✔️
qun,Quinault,,,✔️
qus,"Quichua, Santiago del Estero",,,✔️
quv,Sakapulteko,,,✔️
quw,"Quichua, Tena Lowland",✔️,✔️,✔️
qux,"Quechua, Yauyos",,,✔️
quy,"Quechua, Ayacucho",✔️,✔️,✔️
quz,"Quechua, Cusco",✔️,✔️,✔️
qva,"Quechua, Ambo-Pasco",,,✔️
qvc,"Quechua, Cajamarca",✔️,✔️,✔️
qve,"Quechua, Eastern Apurímac",✔️,✔️,✔️
qvh,"Quechua, Huamalíes-Dos de Mayo Huánuco",✔️,✔️,✔️
qvi,"Quichua, Imbabura Highland",,,✔️
qvj,"Quichua, Loja Highland",,,✔️
qvm,"Quechua, Margos-Yarowilca-Lauricocha",✔️,✔️,✔️
qvn,"Quechua, North Junín",✔️,✔️,✔️
qvo,"Quichua, Napo",✔️,✔️,✔️
qvs,"Quechua, San Martín",✔️,✔️,✔️
qvw,"Quechua, Huaylla Wanca",✔️,✔️,✔️
qvz,"Quichua, Northern Pastaza",✔️,✔️,✔️
qwa,"Quechua, Corongo Ancash",,,✔️
qwh,"Quechua, Huaylas Ancash",✔️,✔️,✔️
qws,"Quechua, Sihuas Ancash",,,✔️
qxa,"Quechua, Chiquián",,,✔️
qxh,"Quechua, Panao",✔️,✔️,✔️
qxl,"Quichua, Salasaca Highland",✔️,✔️,✔️
qxn,"Quechua, Northern Conchucos Ancash",✔️,✔️,✔️
qxo,"Quechua, Southern Conchucos",✔️,✔️,✔️
qxp,"Quechua, Puno",,,✔️
qxr,"Quichua, Cañar Highland",✔️,✔️,✔️
qxs,"Qiang, Southern",,,✔️
qxu,"Quechua, Arequipa-La Unión",,,✔️
raa,Dungmali,,,✔️
rab,Chamling,,,✔️
rad,Rade,,,✔️
raf,"Mewahang, Western",,,✔️
rag,Lulogooli,,,✔️
rah,Rabha,✔️,✔️,✔️
rai,Ramoaaina,✔️,✔️,✔️
ral,Ralte,,,✔️
ram,Canela,,,✔️
rao,Rao,,,✔️
rap,Rapa Nui,✔️,✔️,✔️
rar,Cook Islands Maori,,,✔️
rat,Razajerdi,,,✔️
rau,Raute,,,✔️
rav,Sampang,✔️,✔️,✔️
raw,Rawang,✔️,✔️,✔️
rbb,"Palaung, Rumai",,,✔️
rcf,Réunion French Creole,,,✔️
rdb,Rudbari,,,✔️
rei,Reli,,,✔️
rej,Rejang,✔️,✔️,✔️
rel,Rendille,✔️,✔️,✔️
res,Reshe,,,✔️
rey,Reyesano,,,✔️
rgs,"Roglai, Southern",,,✔️
rgu,Rikou,✔️,✔️,✔️
rhg,Rohingya,✔️,✔️,✔️
rhp,Yahang,,,✔️
ria,Riang,,,✔️
rif,Tarifit,"✔️ (script: arabic, script: latin)","✔️ (script: arabic, script: latin)",✔️
ril,Riang Lang,✔️,✔️,✔️
rim,Nyaturu,✔️,✔️,✔️
rin,Nungu,,,✔️
rir,Ribun,,,✔️
rji,Raji,,,✔️
rjs,Rajbanshi,✔️,✔️,✔️
rki,Rakhine,,,✔️
rkm,Marka,,,✔️
rkt,Rangpuri,✔️,✔️,✔️
rmb,Rembarrnga,,,✔️
rmc,"Romani, Carpathian","✔️ (script: cyrillic, script: latin)","✔️ (script: cyrillic, script: latin)",✔️
rml,"Romani, Baltic",,,✔️
rmn,"Romani, Balkan",,,✔️
rmo,"Romani, Sinte",✔️,✔️,✔️
rmt,Domari,,,✔️
rmy,"Romani, Vlax","✔️ (script: cyrillic, script: latin)","✔️ (script: cyrillic, script: latin)",✔️
rnd,Ruund,,,✔️
rng,Ronga,✔️,✔️,✔️
rnl,Ranglong,✔️,✔️,✔️
rog,"Roglai, Northern",,,✔️
roh,Romansh,"✔️ (dialect: sursilv, dialect: vallader)",,✔️
rol,Romblomanon,✔️,✔️,✔️
ron,Romanian,✔️,✔️,✔️
roo,Rotokas,,,✔️
rop,Kriol,✔️,✔️,✔️
row,Dela-Oenale,,,✔️
rro,Waima,✔️,✔️,✔️
rtm,Rotuman,,,✔️
rub,Gungu,✔️,✔️,✔️
rue,Rusyn,,,✔️
ruf,Luguru,✔️,✔️,✔️
rug,Roviana,✔️,✔️,✔️
rui,Rufiji,,,✔️
ruk,Kuce,,,✔️
run,Rundi,✔️,✔️,✔️
rus,Russian,✔️,✔️,✔️
ruy,Mala,,,✔️
ruz,Ruma,,,✔️
rwa,Rawo,,,✔️
rwk,Rwa,,,✔️
rwo,Rawa,,,✔️
rwr,Marwari,,,✔️
ryu,"Okinawan, Central",,,✔️
saa,Saba,,,✔️
sab,Buglere,✔️,✔️,✔️
sad,Sandawe,,,✔️
saf,Safaliba,,,✔️
sag,Sango,✔️,✔️,✔️
sah,Yakut,✔️,✔️,✔️
saj,Sahu,✔️,✔️,✔️
san,Sanskrit,,,✔️
sao,Sause,,,✔️
saq,Samburu,✔️,✔️,✔️
sas,Sasak,✔️,✔️,✔️
sat,Santhali,✔️,,✔️
sau,Saleman,,,✔️
saw,Sawi,,,✔️
sax,Sa,,,✔️
say,Saya,,,✔️
saz,Saurashtra,,,✔️
sba,Ngambay,✔️,✔️,✔️
sbb,Simbo,,,✔️
sbc,Kele,,,✔️
sbd,"Samo, Southern",✔️,✔️,✔️
sbe,Saliba,,,✔️
sbg,Seget,,,✔️
sbh,Sori-Harengan,,,✔️
sbk,Safwa,,,✔️
sbl,"Sambal, Botolan",✔️,✔️,✔️
sbn,Sindhi Bhil,,,✔️
sbp,Sangu,✔️,✔️,✔️
sbr,"Murut, Sembakung",,,✔️
sbu,Stod Bhoti,,,✔️
sbx,Seberuang,,,✔️
sby,Soli,,,✔️
sbz,Sara Kaba,,,✔️
sce,Dongxiang,,,✔️
scg,Sanggau,,,✔️
sch,Sakachep,✔️,✔️,✔️
sck,Sadri,✔️,✔️,✔️
scl,Shina,,,✔️
scn,Sicilian,,,✔️
sco,Scots,,,✔️
scp,Hyolmo,,,✔️
scs,"Slavey, North",,,✔️
sct,"Katang, Southern",,,✔️
scu,Shumcho,,,✔️
scv,Sheni,,,✔️
scw,Sya,,,✔️
sda,Toraja-Sa’dan,✔️,✔️,✔️
sde,Vori,,,✔️
sdh,"Kurdish, Southern",,,✔️
sdo,Bidayuh Serian,,,✔️
sdp,Sherdukpen,,,✔️
sdq,Semandang,,,✔️
sdr,"Sadri, Oraon",,,✔️
sea,Semai,✔️,✔️,✔️
sed,Sedang,,,✔️
see,Seneca,,,✔️
sef,"Sénoufo, Cebaara",,,✔️
seg,Segeju,,,✔️
seh,Sena,✔️,✔️,✔️
sei,Seri,,,✔️
sek,Sekani,,,✔️
sen,"Sénoufo, Nanerigé",,,✔️
sep,"Sénoufo, Sìcìté",,,✔️
ses,"Songhay, Koyraboro Senni",✔️,✔️,✔️
set,Sentani,,,✔️
sev,"Sénoufo, Nyarafolo",,,✔️
sey,Paicoca,✔️,✔️,✔️
sez,"Chin, Senthang",,,✔️
sfm,"Miao, Small Flowery",,,✔️
sfw,Esahie,,,✔️
sgb,"Ayta, Mag-antsi",✔️,✔️,✔️
sgc,Kipsigis,,,✔️
sgd,Surigaonon,,,✔️
sge,Segai,,,✔️
sgh,Shughni,,,✔️
sgi,Nizaa,,,✔️
sgj,Surgujia,✔️,✔️,✔️
sgp,Singpho,,,✔️
sgr,Sangisari,,,✔️
sgw,Sebat Bet Gurage,✔️,✔️,✔️
sgy,Sanglechi,,,✔️
sgz,Sursurunga,,,✔️
sha,Shall-Zwall,,,✔️
shb,Ninam,,,✔️
shc,Sonde,,,✔️
she,Sheko,,,✔️
shg,Shua,,,✔️
shh,Shoshoni,,,✔️
shi,Tachelhit,✔️,✔️,✔️
shj,Shatt,,,✔️
shk,Shilluk,✔️,✔️,✔️
shn,Shan,✔️,✔️,✔️
sho,Shanga,✔️,✔️,✔️
shp,Shipibo-Conibo,✔️,✔️,✔️
shq,Sala,,,✔️
shr,Shi,,,✔️
shs,Shuswap,,,✔️
shw,Shwai,,,✔️
shy,Tachawit,,,✔️
sid,Sidamo,✔️,✔️,✔️
sie,Simaa,,,✔️
sif,Siamou,,,✔️
sig,Paasaal,✔️,✔️,✔️
sil,"Sisaala, Tumulung",✔️,✔️,✔️
sin,Sinhala,,,✔️
sip,Sikkimese,,,✔️
sir,Siri,,,✔️
siu,Sinagen,,,✔️
siw,Motuna,,,✔️
siy,Sivandi,,,✔️
sja,Epena,✔️,✔️,✔️
sjb,Sajau Basap,,,✔️
sjg,Assangori,,,✔️
sjl,Miji,,,✔️
sjm,Mapun,✔️,✔️,✔️
sjo,Xibe,,,✔️
sjp,Surjapuri,,,✔️
sjr,Siar-Lak,,,✔️
skb,Saek,,,✔️
skd,"Miwok, Southern Sierra",,,✔️
skj,Seke,,,✔️
skn,"Subanon, Kolibugan",,,✔️
skq,Sininkere,,,✔️
skr,Saraiki,,,✔️
skt,Sakata,,,✔️
sku,Sakao,,,✔️
skv,Skou,,,✔️
skx,Seko Padang,,,✔️
sky,Sikaiana,,,✔️
slc,Sáliba,,,✔️
sld,Sissala,✔️,✔️,✔️
sle,Sholaga,,,✔️
slk,Slovak,✔️,,✔️
slp,Lamaholot,,,✔️
slr,Salar,,,✔️
slu,Selaru,✔️,✔️,✔️
slv,Slovene,✔️,,✔️
slx,Salampasu,,,✔️
sly,Selayar,,,✔️
slz,Ma’ya,,,✔️
sme,"Saami, North",,,✔️
smf,Auwe,,,✔️
sml,"Sama, Central",✔️,✔️,✔️
smn,"Saami, Inari",,,✔️
smo,Samoan,✔️,✔️,✔️
smq,Samo,,,✔️
smt,Simte,,,✔️
smy,Semnani,,,✔️
sna,Shona,✔️,✔️,✔️
snc,Sinaugoro,,,✔️
snd,Sindhi,✔️,,✔️
sne,"Bidayuh, Bau",✔️,✔️,✔️
snf,Noon,,,✔️
sng,Sanga,,,✔️
snk,Soninke,,,✔️
snl,Sangil,,,✔️
snm,"Ma’di, Southern",,,✔️
snn,Siona,✔️,✔️,✔️
snp,Siane,✔️,✔️,✔️
snq,Sangu,,,✔️
sns,Nahavaq,,,✔️
snv,Sa’ban,,,✔️
snw,Selee,✔️,✔️,✔️
snx,Sam,,,✔️
sny,Saniyo-Hiyewe,,,✔️
soa,Thai Song,,,✔️
sob,Sobei,,,✔️
soe,Songomeno,,,✔️
soi,Sonha,,,✔️
sok,Sokoro,,,✔️
sol,Solos,,,✔️
som,Somali,✔️,✔️,✔️
soo,Songo,,,✔️
sop,Songe,,,✔️
soq,Kanasi,,,✔️
sor,Soumraye,,,✔️
sos,Seeku,,,✔️
sot,"Sotho, Southern",,,✔️
sou,"Thai, Southern",,,✔️
soy,Miyobe,✔️,✔️,✔️
soz,Temi,,,✔️
spa,Spanish,✔️,✔️,✔️
spm,Akukem,,,✔️
spn,Sanapaná,,,✔️
spo,Spokane,,,✔️
spp,"Sénoufo, Supyire",✔️,✔️,✔️
sps,Saposa,,,✔️
spt,Spiti Bhoti,,,✔️
spu,Sapuan,,,✔️
spy,Sabaot,✔️,✔️,✔️
sqi,Albanian,✔️,✔️,✔️
sqq,Sou,,,✔️
srb,Sora,,,✔️
src,"Sardinian, Logudorese",,,✔️
sre,"Bakati’, Sara",,,✔️
sri,Siriano,✔️,✔️,✔️
srl,Isirawa,,,✔️
srm,Saramaccan,✔️,✔️,✔️
srn,Sranan Tongo,✔️,✔️,✔️
sro,"Sardinian, Campidanese",,,✔️
srp,Serbian,"✔️ (script: cyrillic, script: latin)",,✔️
srq,Sirionó,,,✔️
srr,Serer-Sine,,,✔️
sru,Suruí,,,✔️
srx,Sirmauri,✔️,✔️,✔️
sry,Sera,,,✔️
srz,Shahmirzadi,,,✔️
ssb,"Sama, Southern",,,✔️
sse,"Sama, Balangingih",,,✔️
ssi,Sansi,,,✔️
ssk,Sunam,,,✔️
ssn,Waata,,,✔️
sso,Essono,,,✔️
sss,So,,,✔️
sst,Sinasina,,,✔️
ssw,Swati,,,✔️
ssx,Samberigi,,,✔️
ssy,Saho,,,✔️
stb,"Subanen, Northern",,,✔️
stf,Seta,,,✔️
sti,"Stieng, Bulo",,,✔️
stj,"Samo, Matya",,,✔️
stk,Aramba,,,✔️
stn,Owa,✔️,✔️,✔️
sto,Stoney,,,✔️
stp,"Tepehuan, Southeastern",✔️,✔️,✔️
stt,"Stieng, Budeh",,,✔️
stv,Silt’e,,,✔️
sua,Sulka,,,✔️
suc,"Subanon, Western",✔️,✔️,✔️
sug,Suganga,,,✔️
sui,Suki,,,✔️
suj,Shubi,,,✔️
suk,Sukuma,✔️,✔️,✔️
sun,Sunda,✔️,✔️,✔️
suo,Bouni,,,✔️
suq,"Suri, Tirmaga-Chai",,,✔️
sur,Mwaghavul,✔️,✔️,✔️
sus,Susu,✔️,✔️,✔️
suv,Puroik,✔️,✔️,✔️
suy,Suyá,,,✔️
suz,Sunwar,✔️,✔️,✔️
svb,Ulau-Suain,,,✔️
svs,Savosavo,,,✔️
swb,"Comorian, Maore",,,✔️
swe,Swedish,✔️,✔️,✔️
swh,Swahili,✔️,✔️,✔️
swi,Sui,,,✔️
swj,Sira,,,✔️
swk,"Sena, Malawi",,,✔️
swo,Shanenawa,,,✔️
swp,Suau,,,✔️
swr,Saweru,,,✔️
swv,Shekhawati,,,✔️
sxb,Suba,✔️,✔️,✔️
sxn,Sangir,✔️,✔️,✔️
sxw,"Gbe, Saxwe",,,✔️
sya,Siang,✔️,✔️,✔️
syb,"Subanen, Central",,,✔️
syk,Sukur,,,✔️
syl,Sylheti,✔️,✔️,✔️
sym,"Samo, Maya",,,✔️
sys,Sinyar,,,✔️
syw,Syuba,,,✔️
sza,Semelai,✔️,✔️,✔️
szb,Ngalum,,,✔️
szg,Sengele,,,✔️
szp,Suabo,,,✔️
tab,Tabasaran,,,✔️
tac,"Tarahumara, Western",✔️,✔️,✔️
taj,"Tamang, Eastern",✔️,✔️,✔️
tak,Tala,,,✔️
tal,Tal,,,✔️
tam,Tamil,✔️,✔️,✔️
tan,Tangale,,,✔️
tao,Yami,✔️,✔️,✔️
tap,Taabwa,✔️,✔️,✔️
taq,Tamasheq,✔️,✔️,✔️
tar,"Tarahumara, Central",,,✔️
tat,Tatar,✔️,✔️,✔️
tau,"Tanana, Upper",,,✔️
tav,Tatuyo,✔️,✔️,✔️
taw,Tay,,,✔️
tay,Atayal,,,✔️
taz,Tocho,,,✔️
tba,Aikanã,,,✔️
tbc,Takia,✔️,✔️,✔️
tbf,Mandara,,,✔️
tbg,"Tairora, North",✔️,✔️,✔️
tbj,Tiang,,,✔️
tbk,"Tagbanwa, Calamian",✔️,✔️,✔️
tbl,Tboli,✔️,✔️,✔️
tbo,Tawala,,,✔️
tbp,Diebroud,,,✔️
tbt,Tembo,,,✔️
tby,Tabaru,✔️,✔️,✔️
tbz,Ditammari,✔️,✔️,✔️
tca,Ticuna,✔️,✔️,✔️
tcc,Datooga,✔️,✔️,✔️
tcd,Tafi,,,✔️
tce,"Tutchone, Southern",,,✔️
tcf,"Me’phaa, Malinaltepec",,,✔️
tcn,Tichurong,,,✔️
tcp,"Chin, Tawr",,,✔️
tcs,Torres Strait Creole,✔️,✔️,✔️
tcu,"Tarahumara, Southeastern",,,✔️
tcx,Toda,,,✔️
tcy,Tulu,,,✔️
tcz,"Chin, Thado",✔️,✔️,✔️
tdc,Embera Tadó,,,✔️
tdd,Tai Nüa,,,✔️
tdf,Talieng,,,✔️
tdg,"Tamang, Western",,,✔️
tdh,Thulung,,,✔️
tdj,Tajio,✔️,✔️,✔️
tdk,Rom,,,✔️
tdl,Kusur-Myet,,,✔️
tdn,Tondano,,,✔️
tdo,Teme,,,✔️
tds,Doutai,,,✔️
tdt,Tetun Dili,,,✔️
tdv,Atoro,,,✔️
tdy,Tadyawan,,,✔️
ted,"Krumen, Tepo",✔️,✔️,✔️
tee,"Tepehua, Huehuetla",✔️,✔️,✔️
tef,Teressa,,,✔️
tek,"Teke, Ibali",,,✔️
tel,Telugu,✔️,✔️,✔️
tem,Themne,✔️,✔️,✔️
teo,Ateso,✔️,✔️,✔️
teq,Temein,,,✔️
ter,Terêna,✔️,✔️,✔️
tes,Tengger,✔️,✔️,✔️
tet,Tetun,,,✔️
tew,Tewa,✔️,✔️,✔️
tex,Tennet,✔️,✔️,✔️
tfi,"Gbe, Tofin",,,✔️
tfn,Tanaina,,,✔️
tfr,Teribe,✔️,✔️,✔️
tft,Ternate,,,✔️
tgc,Tigak,,,✔️
tgd,Ciwogai,,,✔️
tgj,Tagin,✔️,✔️,✔️
tgk,Tajik,✔️,✔️,✔️
tgl,Tagalog,✔️,✔️,✔️
tgo,Sudest,✔️,✔️,✔️
tgp,Tangoa,✔️,✔️,✔️
tgs,Nume,,,✔️
tgw,"Sénoufo, Tagwana",,,✔️
tgy,Togoyo,,,✔️
tha,Thai,✔️,✔️,✔️
thd,Kuuk Thayorre,,,✔️
the,"Tharu, Central",,,✔️
thf,Thangmi,,,✔️
thk,Kitharaka,✔️,✔️,✔️
thl,"Tharu, Dangaura",✔️,✔️,✔️
thm,Aheu,,,✔️
thp,Thompson,,,✔️
thq,"Tharu, Mid-Eastern",,,✔️
thr,"Tharu, Rana",,,✔️
ths,Thakali,,,✔️
thy,Tha,,,✔️
thz,"Tamajeq, Tayart",,,✔️
tic,Tira,,,✔️
tif,Tifal,,,✔️
tig,Tigré,,,✔️
tih,"Murut, Timugon",✔️,✔️,✔️
tii,Tiene,,,✔️
tik,Tikar,✔️,✔️,✔️
tio,Teop,,,✔️
tiq,Tiéfo,,,✔️
tir,Tigrigna,✔️,✔️,✔️
tis,"Itneg, Masadiit",,,✔️
tiv,Tiv,,,✔️
tiw,Tiwi,,,✔️
tix,"Tiwa, Southern",,,✔️
tiy,Teduray,,,✔️
tja,Tajuasohn,,,✔️
tjg,Tunjung,,,✔️
tji,"Tujia, Northern",,,✔️
tkb,Buksa,,,✔️
tkd,Tukudede,,,✔️
tke,Takwane,,,✔️
tkp,Tikopia,,,✔️
tkq,Tee,,,✔️
tkr,Tsakhur,✔️,✔️,✔️
tkt,"Tharu, Kathariya",,,✔️
tku,"Totonac, Upper Necaxa",,,✔️
tkx,Tangko,,,✔️
tla,"Tepehuan, Southwestern",,,✔️
tlb,Tobelo,✔️,✔️,✔️
tld,Talaud,,,✔️
tlf,Telefol,,,✔️
tli,Tlingit,,,✔️
tlj,Talinga-Bwisi,✔️,✔️,✔️
tll,Tetela,,,✔️
tlp,"Totonac, Filomena Mata-Coahuitlán",,,✔️
tlq,Tai Loi,,,✔️
tlr,Talise,,,✔️
tls,Tambotalo,,,✔️
tlx,Khehek,,,✔️
tly,Talysh,✔️,✔️,✔️
tma,Tama,,,✔️
tmc,Tumak,✔️,✔️,✔️
tmf,Toba-Maskoy,✔️,✔️,✔️
tml,"Citak, Tamnim",,,✔️
tmn,Taman,,,✔️
tmy,Tami,,,✔️
tna,Tacana,✔️,✔️,✔️
tnb,"Tunebo, Western",,,✔️
tnc,Tanimuca-Letuama,,,✔️
tng,Tobanga,✔️,✔️,✔️
tnk,Kwamera,✔️,✔️,✔️
tnl,Lenakel,,,✔️
tnm,Tabla,,,✔️
tnn,"Tanna, North",✔️,✔️,✔️
tnp,Whitesands,✔️,✔️,✔️
tnr,Ménik,✔️,✔️,✔️
tnt,Tontemboan,✔️,✔️,✔️
tnv,Tangchangya,,,✔️
tny,Tongwe,,,✔️
tob,Toba,✔️,✔️,✔️
toc,"Totonac, Coyutla",✔️,✔️,✔️
tod,Toma,,,✔️
tof,Gizrra,,,✔️
tog,Tonga,,,✔️
toh,Tonga,✔️,✔️,✔️
toi,Tonga,,,✔️
toj,Tojolabal,,,✔️
tol,Tolowa,,,✔️
tom,Tombulu,✔️,✔️,✔️
ton,Tongan,,,✔️
too,"Totonac, Xicotepec de Juárez",,,✔️
top,"Totonac, Papantla",,,✔️
toq,Toposa,,,✔️
tos,"Totonac, Highland",✔️,✔️,✔️
tou,Tho,,,✔️
tov,"Taromi, Upper",,,✔️
tow,Jemez,,,✔️
tpa,Taupota,,,✔️
tpe,Tippera,,,✔️
tpi,Tok Pisin,✔️,✔️,✔️
tpj,Ñandeva,,,✔️
tpl,"Me’phaa, Tlacoapa",,,✔️
tpm,Tampulma,✔️,✔️,✔️
tpp,"Tepehua, Pisaflores",✔️,✔️,✔️
tpq,"Kinnauri, Chhoyul",,,✔️
tpr,Tuparí,,,✔️
tpt,"Tepehua, Tlachichilco",✔️,✔️,✔️
tpu,Tampuan,,,✔️
tpx,"Me’phaa, Acatepec",,,✔️
tqo,Toaripi,,,✔️
tqu,Touo,,,✔️
trc,"Triqui, Copala",✔️,✔️,✔️
trd,Turi,,,✔️
trf,Trinidadian English Creole,,,✔️
tri,Trió,✔️,✔️,✔️
trn,Trinitario,✔️,✔️,✔️
tro,"Naga, Tarao",,,✔️
trp,Kok Borok,,,✔️
trq,"Triqui, San Martín Itunyoso",,,✔️
trs,"Triqui, Chicahuaxtla",✔️,✔️,✔️
tru,Turoyo,,,✔️
trv,Seediq,,,✔️
tsa,Tsaangi,,,✔️
tsb,Tsamai,,,✔️
tsc,Tswa,,,✔️
tsg,Tausug,,,✔️
tsi,Tsimshian,,,✔️
tsj,Tshangla,,,✔️
tsn,Setswana,,,✔️
tso,Tsonga,✔️,✔️,✔️
tsp,"Toussian, Northern",,,✔️
tsr,Akei,,,✔️
tsu,Tsou,,,✔️
tsv,Tsogo,,,✔️
tsw,Tsishingini,,,✔️
tsx,Mubami,,,✔️
tsz,Purepecha,✔️,✔️,✔️
ttb,Gaa,,,✔️
ttc,Tektiteko,✔️,✔️,✔️
tte,Bwanabwana,✔️,✔️,✔️
tth,"Ta’oih, Upper",,,✔️
tti,Tobati,,,✔️
ttj,Tooro,,,✔️
ttk,Totoro,,,✔️
ttm,"Tutchone, Northern",,,✔️
tto,"Ta’oih, Lower",,,✔️
ttq,"Tamajaq, Tawallammat",✔️ (script: tifinagh),✔️ (script: tifinagh),✔️
ttr,Tera,,,✔️
tts,"Thai, Northeastern",,,✔️
ttv,Titan,,,✔️
ttw,Long Wat,,,✔️
tty,Sikaritai,,,✔️
tue,Tuyuca,✔️,✔️,✔️
tuf,"Tunebo, Central",✔️,✔️,✔️
tug,Tunia,,,✔️
tui,Tupuri,,,✔️
tuk,Turkmen,"✔️ (script: arabic, script: latin)","✔️ (script: arabic, script: latin)",✔️
tul,Tula,,,✔️
tum,Tumbuka,,,✔️
tuo,Tucano,✔️,✔️,✔️
tuq,Tedaga,,,✔️
tur,Turkish,✔️,✔️,✔️
tuv,Turkana,,,✔️
tuy,Tugen,,,✔️
tuz,Turka,,,✔️
tva,Vaghua,,,✔️
tvd,Tsuvadi,,,✔️
tvk,"Ambrym, Southeast",,,✔️
tvl,Tuvaluan,,,✔️
tvn,Tavoyan,,,✔️
tvs,Taveta,,,✔️
tvt,"Naga, Tutsa",,,✔️
tvu,Tunen,,,✔️
tvw,Sedoa,✔️,✔️,✔️
twb,Tawbuid,✔️,✔️,✔️
twe,Teiwa,✔️,✔️,✔️
twh,Tai Dón,,,✔️
twm,"Monpa, Tawang",,,✔️
twp,Ere,,,✔️
twr,"Tarahumara, Southwestern",,,✔️
twu,Termanu,✔️,✔️,✔️
tww,Tuwari,,,✔️
twx,Tewe,,,✔️
twy,Tawoyan,,,✔️
txa,Tombonuo,✔️,✔️,✔️
txn,"Tarangan, West",,,✔️
txo,Toto,,,✔️
txq,Tii,✔️,✔️,✔️
txt,Citak,,,✔️
txu,Kayapó,✔️,✔️,✔️
tye,Kyanga,✔️,✔️,✔️
tyr,Tai Daeng,,,✔️
tyv,Tuvan,,,✔️
tyy,Tiyaa,,,✔️
tyz,Tày,,,✔️
tzh,Tzeltal,"✔️ (dialect: bachajon, dialect: tenejapa)","✔️ (dialect: bachajon, dialect: tenejapa)",✔️
tzj,Tz’utujil,"✔️ (dialect: eastern, dialect: western)","✔️ (dialect: eastern, dialect: western)",✔️
tzm,"Tamazight, Central Atlas",,,✔️
tzo,Tzotzil,"✔️ (dialect: chamula, dialect: chenalho)","✔️ (dialect: chamula, dialect: chenalho)",✔️
uar,Tairuma,,,✔️
uba,Ubang,,,✔️
ubl,"Bikol, Buhi’non",✔️,✔️,✔️
ubr,Ubir,,,✔️
ubu,Umbu-Ungu,✔️,✔️,✔️
udg,Muduga,,,✔️
udi,Udi,,,✔️
udl,Wuzlam,,,✔️
udm,Udmurt,✔️,✔️,✔️
udu,Uduk,✔️,✔️,✔️
ugo,Ugong,,,✔️
uhn,Damal,,,✔️
uig,Uyghur,"✔️ (script: arabic, script: cyrillic)","✔️ (script: arabic, script: cyrillic)",✔️
uis,Uisai,,,✔️
uiv,Iyive,,,✔️
uki,Kui,,,✔️
ukp,Bukpe,,,✔️
ukr,Ukrainian,✔️,✔️,✔️
ukw,Ukwuani-Aboh-Ndoni,,,✔️
ula,Fungwa,,,✔️
ulu,Uma’ Lung,,,✔️
umb,Umbundu,✔️,,✔️
umm,Umon,,,✔️
ums,Pendau,,,✔️
umu,Munsee,,,✔️
une,Uneme,,,✔️
ung,Ngarinyin,,,✔️
uni,Uni,,,✔️
unr,Mundari,✔️,✔️,✔️
unx,Munda,,,✔️
upv,Uripiv-Wala-Rano-Atchin,✔️,✔️,✔️
ura,Urarina,✔️,✔️,✔️
urb,Kaapor,✔️,✔️,✔️
urd,Urdu,"✔️ (script: arabic, script: devanagari, script: latin)","✔️ (script: arabic, script: devanagari, script: latin)",✔️
urh,Urhobo,,,✔️
uri,Urim,,,✔️
urk,Urak Lawoi’,✔️,✔️,✔️
urt,Urat,✔️,✔️,✔️
ury,Orya,✔️,✔️,✔️
usa,Usarufa,,,✔️
usi,Usoi,,,✔️
usp,Uspanteko,✔️,✔️,✔️
uss,us-Saare,,,✔️
uta,Itang,,,✔️
ute,Ute-Southern Paiute,,,✔️
uth,ut-Hun,,,✔️
utr,Etulo,,,✔️
uuu,U,,,✔️
uya,Doko-Uyanga,,,✔️
uzb,Uzbek,"✔️ (script: cyrillic, script: latin)","✔️ (script: cyrillic, script: latin)",✔️
vaa,Vaagri Booli,,,✔️
vaf,Vafsi,,,✔️
vag,Vagla,✔️,✔️,✔️
vah,Varhadi-Nagpuri,,,✔️
vai,Vai,,,✔️
vaj,Northwestern !Kung,,,✔️
vam,Dumo,,,✔️
van,Walman,,,✔️
var,Huarijío,,,✔️
vas,Vasavi,,,✔️
vav,Varli,,,✔️
vay,Wayu,,,✔️
vem,Vemgo-Mabas,,,✔️
ven,Venda,,,✔️
ver,Verre,,,✔️
vid,Vidunda,✔️,✔️,✔️
vie,Vietnamese,✔️,✔️,✔️
vif,Vili,✔️,✔️,✔️
vig,Viemo,,,✔️
viv,Iduna,,,✔️
vkl,Kulisusu,,,✔️
vkn,Koro Nulu,,,✔️
vls,West Flemish,,,✔️
vmc,"Mixtec, Juxtlahuaca",,,✔️
vmh,Maraghei,,,✔️
vmj,"Mixtec, Ixtayutla",,,✔️
vmk,Makhuwa-Shirima,,,✔️
vmm,"Mixtec, Mitlatongo",,,✔️
vmp,"Mazatec, Soyaltepec",,,✔️
vmw,Makhuwa,✔️,✔️,✔️
vmx,"Mixtec, Tamazola",,,✔️
vmy,"Mazatec, Ayautla",✔️,✔️,✔️
vmz,"Mazatec, Mazatlán",,,✔️
vnk,Lovono,,,✔️
vot,Vod,✔️,,
vra,Vera’a,,,✔️
vrs,Varisi,,,✔️
vum,Vumbu,,,✔️
vun,Vunjo,✔️,✔️,✔️
vut,Vute,✔️,✔️,✔️
wad,Wamesa,,,✔️
wal,Wolaytta,"✔️ (script: ethiopic, script: latin)","✔️ (script: ethiopic, script: latin)",✔️
wan,Wan,,,✔️
wap,Wapishana,✔️,✔️,✔️
war,Waray-Waray,✔️,✔️,✔️
was,Washo,,,✔️
wat,Kaninuwa,,,✔️
wau,Waurá,,,✔️
waw,Waiwai,✔️,✔️,✔️
way,Wayana,✔️,✔️,✔️
wba,Warao,✔️,✔️,✔️
wbb,Wabo,,,✔️
wbf,Wara,,,✔️
wbi,Vwanji,,,✔️
wbj,Alagwa,,,✔️
wbk,Waigali,,,✔️
wbl,Wakhi,,,✔️
wbm,"Wa, Vo",,,✔️
wbp,Warlpiri,,,✔️
wbq,Waddar,,,✔️
wbr,Wagdi,,,✔️
wca,Yanomámi,,,✔️
wci,"Gbe, Waci",,,✔️
wdj,Wadjiginy,,,✔️
wed,Wedau,,,✔️
weh,Weh,,,✔️
wem,"Gbe, Weme",,,✔️
weo,Wemale,,,✔️
wes,"Pidgin, Cameroon",,,✔️
wew,Wejewa,,,✔️
wgb,Wagawaga,,,✔️
wgi,Wahgi,,,✔️
whg,Yuwei,,,✔️
wib,"Toussian, Southern",,,✔️
wim,Wik-Mungkan,,,✔️
win,Ho-Chunk,,,✔️
wiu,Witu,,,✔️
wja,Waja,,,✔️
wji,Warji,,,✔️
wkd,Mo,,,✔️
wlc,"Comorian, Mwali",,,✔️
wle,Wolane,,,✔️
wlo,Wolio,✔️,✔️,✔️
wlv,Bermejo Wichí,,,✔️
wlw,Walak,,,✔️
wlx,Wali,✔️,✔️,✔️
wmd,Mamaindê,,,✔️
wme,Wambule,,,✔️
wmo,Wom,,,✔️
wms,Wambon,,,✔️
wmt,Walmajarri,,,✔️
wmw,Mwani,✔️,✔️,✔️
wnc,Wantoat,,,✔️
wni,"Comorian, Ndzwani",,,✔️
wno,Wano,,,✔️
wob,Wè Northern,✔️,✔️,✔️
wod,Wolani,,,✔️
wof,"Wolof, Gambian",,,✔️
wog,Wogamusin,,,✔️
wol,Wolof,✔️,,✔️
wom,Wom,,,✔️
won,Wongo,,,✔️
wow,Wawonii,,,✔️
wrm,Warumungu,,,✔️
wro,Worrorra,,,✔️
wrp,Waropen,,,✔️
wrs,Waris,,,✔️
wsa,Warembori,,,✔️
wsg,"Gondi, Adilabad",✔️,✔️,✔️
wsi,Wusi,,,✔️
wsk,Waskia,,,✔️
wss,Wasa,,,✔️
wti,Berta,,,✔️
wtm,Mewati,,,✔️
wud,Wudu,,,✔️
wut,Wutung,,,✔️
wuu,"Chinese, Wu",,,✔️
wuv,Wuvulu-Aua,,,✔️
wwa,Waama,✔️,✔️,✔️
wwo,Dorig,,,✔️
wyy,"Fijian, Western",,,✔️
xac,Kachari,,,✔️
xal,Kalmyk-Oirat,✔️,✔️,✔️
xav,Xavánte,,,✔️
xbi,Kombio,,,✔️
xbr,Kambera,,,✔️
xdn,,,,✔️
xdo,Kwandu,,,✔️
xdy,Malayic Dayak,✔️,✔️,✔️
xed,Hdi,✔️,✔️,✔️
xem,Kembayan,,,✔️
xer,Xerénte,✔️,✔️,✔️
xes,Koromu,,,✔️
xgu,Unggumi,,,✔️
xho,Xhosa,✔️,,✔️
xkb,"Nago, Northern",,,✔️
xkc,Kho’ini,,,✔️
xkf,Khengkha,,,✔️
xkg,Kagoro,,,✔️
xkj,Kajali,,,✔️
xkk,Kachok,,,✔️
xkl,"Kenyah, Mainstream",,,✔️
xkn,"Kayan, Kayan River",,,✔️
xks,Kumbewaha,,,✔️
xkt,Kantosi,,,✔️
xkv,Kgalagadi,,,✔️
xky,Uma’ Lasan,,,✔️
xkz,Kurtokha,,,✔️
xmc,Makhuwa-Marrevone,,,✔️
xmf,Mingrelian,,,✔️
xmg,Mengaka,,,✔️
xmh,Kugu-Muminh,,,✔️
xmm,"Malay, Manado",✔️,✔️,✔️
xmt,Matbat,,,✔️
xmz,Mori Bawah,,,✔️
xnj,Chingoni,✔️,✔️,✔️
xnr,Kangri,✔️,✔️,✔️
xns,Kanashi,,,✔️
xnz,Mattokki,,,✔️
xod,Kokoda,,,✔️
xog,Soga,✔️,✔️,✔️
xok,Xokleng,,,✔️
xom,Komo,,,✔️
xon,Konkomba,✔️,✔️,✔️
xpe,"Kpelle, Liberia",,,✔️
xra,Krahô,,,✔️
xrb,"Karaboro, Eastern",✔️,✔️,✔️
xri,Krikati-Timbira,,,✔️
xrw,Karawa,,,✔️
xsb,Sambal,✔️,✔️,✔️
xsm,Kasem,✔️,✔️,✔️
xsn,Sanga,,,✔️
xsq,Makhuwa-Saka,,,✔️
xsr,Sherpa,✔️,✔️,✔️
xsu,Sanumá,✔️,✔️,✔️
xta,"Mixtec, Alcozauca",✔️,✔️,✔️
xtc,Katcha-Kadugli-Miri,,,✔️
xtd,"Mixtec, Diuxi-Tilantongo",✔️,✔️,✔️
xte,Ketengban,✔️,✔️,✔️
xti,"Mixtec, Sinicahua",,,✔️
xtj,"Mixtec, San Juan Teita",,,✔️
xtl,"Mixtec, Tijaltepec",,,✔️
xtm,"Mixtec, Magdalena Peñasco",✔️,✔️,✔️
xtn,"Mixtec, Northern Tlaxiaco",✔️,✔️,✔️
xtt,"Mixtec, Tacahua",,,✔️
xty,"Mixtec, Yoloxóchitl",,,✔️
xua,"Kurumba, Alu",✔️,✔️,✔️
xub,"Kurumba, Betta",,,✔️
xuj,"Kurumba, Jennu",,,✔️
xuo,Kuo,✔️,✔️,✔️
xuu,Khwedam,,,✔️
xvi,Kamviri,,,✔️
xwe,"Gbe, Xwela",,,✔️
xwg,Kwegu,,,✔️
xwl,"Gbe, Western Xwla",,,✔️
yaa,Yaminahua,✔️,✔️,✔️
yad,Yagua,✔️,✔️,✔️
yae,Pumé,,,✔️
yaf,Yaka,,,✔️
yah,Yazgulyam,,,✔️
yak,Yakama,,,✔️
yal,Yalunka,✔️,✔️,✔️
yam,Yamba,✔️,✔️,✔️
yan,Mayangna,,,✔️
yao,Yao,✔️,✔️,✔️
yap,Yapese,,,✔️
yaq,Yaqui,,,✔️
yas,Nugunu,✔️,✔️,✔️
yat,Yambeta,✔️,✔️,✔️
yaw,Yawalapití,,,✔️
yax,Yauma,,,✔️
yay,Agwagwune,,,✔️
yaz,Lokaa,✔️,✔️,✔️
yba,Yala,✔️,✔️,✔️
ybb,Yemba,✔️,✔️,✔️
ybe,"Yugur, West",,,✔️
ybh,Yakkha,,,✔️
ybi,Yamphu,,,✔️
ybj,Hasha,,,✔️
ybl,Yukuben,,,✔️
ycl,Lolopo,✔️,✔️,✔️
ycn,Yucuna,✔️,✔️,✔️
yde,Yangum Dey,,,✔️
ydg,Yadgha,,,✔️
yea,Ravula,✔️,✔️,✔️
yer,Tarok,,,✔️
yes,Nyankpa,,,✔️
yet,Yetfa,,,✔️
yeu,Yerukula,,,✔️
yev,Yeri,,,✔️
ygr,Yagaria,,,✔️
ygw,Yagwoia,,,✔️
yhd,"Arabic, Judeo-Iraqi",,,✔️
yid,Yiddish,,,✔️
yif,Ache,,,✔️
yig,"Nasu, Wusa",,,✔️
yij,Yindjibarndi,,,✔️
yim,"Naga, Yimchungru",,,✔️
yin,Riang Lai,,,✔️
yiq,Miqie,,,✔️
yis,Yis,,,✔️
yiu,Awu,,,✔️
yix,Axi,,,✔️
yiz,Azhe,,,✔️
yka,Yakan,✔️,✔️,✔️
ykg,"Yukaghir, Northern",,,✔️
yki,Yoke,,,✔️
ykk,Yakaikeke,,,✔️
ykm,Kap,,,✔️
yle,Yélî Dnye,,,✔️
yli,"Yali, Angguruk",✔️,✔️,✔️
ymb,Yambes,,,✔️
ymk,Makwe,,,✔️
yml,Iamalele,,,✔️
ymm,Maay,,,✔️
yno,Yong,,,✔️
ynq,Yendang,,,✔️
yns,Iyansi,,,✔️
yog,Yogad,,,✔️
yom,Yombe,,,✔️
yon,Yongkom,,,✔️
yor,Yoruba,✔️,✔️,✔️
yot,Yotti,,,✔️
yoy,Yoy,,,✔️
yra,Yerakai,,,✔️
yrb,Yareba,,,✔️
yre,Yaouré,✔️,✔️,✔️
yrk,Nenets,,,✔️
yrl,Nhengatu,,,✔️
ysn,Sani,,,✔️
ysp,"Lolopo, Southern",,,✔️
yss,Yessan-Mayo,,,✔️
yua,"Maya, Yucatec",✔️,✔️,✔️
yue,"Chinese, Yue",✔️ (script: traditional),,✔️
yuf,Havasupai-Walapai-Yavapai,,,✔️
yui,Wajiara,,,✔️
yuj,Karkar-Yuri,,,✔️
yum,Quechan,,,✔️
yun,Bena,,,✔️
yup,Yukpa,,,✔️
yuq,Yuqui,,,✔️
yur,Yurok,,,✔️
yuy,"Yugur, East",,,✔️
yuz,Yuracare,✔️,✔️,✔️
yva,Yawa,✔️,✔️,✔️
ywa,Kalou,,,✔️
ywl,"Lalu, Western",,,✔️
ywn,Yawanawa,,,✔️
ywq,"Yi, Wuding-Luquan",,,✔️
yyu,Yau,,,✔️
zaa,"Zapotec, Sierra de Juárez",✔️,✔️,✔️
zab,"Zapotec, Western Tlacolula Valley",✔️,✔️,✔️
zac,"Zapotec, Ocotlán",✔️,✔️,✔️
zad,"Zapotec, Cajonos",✔️,✔️,✔️
zae,"Zapotec, Yareni",✔️,✔️,✔️
zaf,"Zapotec, Ayoquesco",,,✔️
zag,Zaghawa,,,✔️
zai,"Zapotec, Isthmus",✔️,✔️,✔️
zaj,Zaramo,,,✔️
zak,Zanaki,,,✔️
zam,"Zapotec, Miahuatlán",✔️,✔️,✔️
zao,"Zapotec, Ozolotepec",✔️,✔️,✔️
zaq,"Zapotec, Aloápam",✔️,✔️,✔️
zar,"Zapotec, Rincón",✔️,✔️,✔️
zas,"Zapotec, Santo Domingo Albarradas",✔️,✔️,✔️
zat,"Zapotec, Tabaa",,,✔️
zau,Zangskari,,,✔️
zav,"Zapotec, Yatzachi",✔️,✔️,✔️
zaw,"Zapotec, Mitla",✔️,✔️,✔️
zay,Zayse,,,✔️
zaz,Zari,,,✔️
zbc,"Berawan, Central",,,✔️
zbu,Bu,,,✔️
zca,"Zapotec, Coatecas Altas",✔️,✔️,✔️
zcd,"Zapotec, Las Delicias",,,✔️
zdj,"Comorian, Ngazidja",,,✔️
zga,Kinga,✔️,✔️,✔️
zgb,"Zhuang, Guibei",,,✔️
zhi,Zhire,,,✔️
zia,Zia,,,✔️
zik,Zimakani,,,✔️
zim,Mesme,✔️,✔️,✔️
zin,Zinza,,,✔️
ziw,Zigula,✔️,✔️,✔️
zkd,Kadu,,,✔️
zkn,Kanan,,,✔️
zkr,Zakhring,,,✔️
zlj,"Zhuang, Liujiang",,,✔️
zlm,Malay,✔️,✔️,✔️
zln,"Zhuang, Lianshan",,,✔️
zmb,Zimba,,,✔️
zmp,Mpuono,,,✔️
zmq,Mituku,,,✔️
zms,Mbesa,,,✔️
zmz,Mbandja,✔️,✔️,✔️
zne,Zande,✔️,✔️,✔️
zng,Mang,,,✔️
zns,Mangas,,,✔️
zoc,"Zoque, Copainalá",,,✔️
zoh,"Zoque, Chimalapa",,,✔️
zom,Zo,,,✔️
zos,"Zoque, Francisco León",✔️,✔️,✔️
zpa,"Zapotec, Lachiguiri",,,✔️
zpc,"Zapotec, Choapan",✔️,✔️,✔️
zpd,"Zapotec, Southeastern Ixtlán",,,✔️
zpe,"Zapotec, Petapa",,,✔️
zpg,"Zapotec, Guevea de Humboldt",✔️,✔️,✔️
zpi,"Zapotec, Santa María Quiegolani",✔️,✔️,✔️
zpj,"Zapotec, Quiavicuzas",,,✔️
zpk,"Zapotec, Tlacolulita",,,✔️
zpl,"Zapotec, Lachixío",✔️,✔️,✔️
zpm,"Zapotec, Mixtepec",✔️,✔️,✔️
zpn,"Zapotec, Santa Inés Yatzechi",,,✔️
zpo,"Zapotec, Amatlán",✔️,✔️,✔️
zpq,"Zapotec, Zoogocho",,,✔️
zpr,"Zapotec, Santiago Xanica",,,✔️
zps,"Zapotec, Coatlán",,,✔️
zpt,"Zapotec, San Vicente Coatlán",✔️,✔️,✔️
zpu,"Zapotec, Yalálag",✔️,✔️,✔️
zpv,"Zapotec, Chichicapan",,,✔️
zpw,"Zapotec, Zaniza",,,✔️
zpx,"Zapotec, San Baltazar Loxicha",,,✔️
zpy,"Zapotec, Mazaltepec",,,✔️
zpz,"Zapotec, Texmelucan",✔️,✔️,✔️
zrg,Mirgan,,,✔️
zro,Záparo,,,✔️
zrs,Mairasi,,,✔️
zsm,"Malay, Standard",,,✔️
zte,"Zapotec, Elotepec",,,✔️
ztg,"Zapotec, Xanaguía",,,✔️
ztp,"Zapotec, Loxicha",,,✔️
ztq,"Zapotec, Quioquitani-Quierí",✔️,✔️,✔️
zts,"Zapotec, Tilquiapan",,,✔️
ztx,"Zapotec, Zaachila",,,✔️
zty,"Zapotec, Yatee",✔️,✔️,✔️
zua,Zeem,,,✔️
zul,Zulu,✔️,,✔️
zun,Zuni,,,✔️
zuy,Zumaya,,,✔️
zwa,Zay,,,✔️
zyb,"Zhuang, Yongbei",✔️,✔️,✔️
zyg,"Zhuang, Yang",,,✔️
zyj,"Zhuang, Youjiang",,,✔️
zyn,"Zhuang, Yongnan",,,✔️
zyp,"Chin, Zyphe",✔️,✔️,✔️
zza,Zaza,✔️,✔️,✔️
zzj,"Zhuang, Zuojiang",,,✔️
